,Date,col_num,food_col_kg,age
0,2025-08-28,1,0.0,32
1,2025-08-28,16,8.4,32
2,2025-08-28,17,8.0,32
3,2025-08-28,9,5.6,32
4,2025-08-28,10,3.6,32
5,2025-08-28,24,3.6,32
6,2025-08-28,23,4.0,32
7,2025-08-28,22,6.4,32
8,2025-08-28,21,7.2,32
9,2025-08-28,10,3.6,32
10,2025-08-28,11,0.0,32
11,2025-08-28,12,0.0,32
12,2025-08-28,4,5.6,32
13,2025-08-28,3,6.8,32
14,2025-08-28,18,7.2,32
15,2025-08-28,15,0.0,32
16,2025-08-28,26,0.0,32
17,2025-08-28,28,6.0,32
18,2025-08-28,25,0.0,32
19,2025-08-28,17,8.0,32
20,2025-08-28,23,4.0,32
21,2025-08-28,16,8.4,32
22,2025-08-28,22,6.4,32
23,2025-08-28,27,0.0,32
24,2025-08-28,19,7.6,32
25,2025-08-28,24,3.6,32
26,2025-08-28,1,0.0,32
27,2025-08-28,14,4.8,32
28,2025-08-28,5,5.6,32
29,2025-08-28,15,0.0,32
30,2025-08-28,6,4.8,32
31,2025-08-28,7,7.2,32
32,2025-08-28,8,3.2,32
33,2025-08-28,9,5.6,32
34,2025-08-28,2,6.0,32
35,2025-08-28,14,4.8,32
36,2025-08-28,13,0.0,32
37,2025-08-28,20,7.6,32
38,2025-08-28,18,7.2,32
39,2025-08-28,20,7.6,32
40,2025-08-28,21,7.2,32
41,2025-08-28,13,0.0,32
42,2025-08-28,12,0.0,32
43,2025-08-28,11,0.0,32
44,2025-08-28,27,0.0,32
45,2025-08-28,25,0.0,32
46,2025-08-28,4,5.6,32
47,2025-08-28,2,6.0,32
48,2025-08-28,5,5.6,32
49,2025-08-28,19,7.6,32
50,2025-08-28,7,7.2,32
51,2025-08-28,26,0.0,32
52,2025-08-28,8,3.2,32
53,2025-08-28,3,6.8,32
54,2025-08-28,28,6.0,32
55,2025-08-28,6,4.8,32
56,2025-08-29,4,9.6,33
57,2025-08-29,21,9.6,33
58,2025-08-29,14,10.4,33
59,2025-08-29,15,0.0,33
60,2025-08-29,28,8.8,33
61,2025-08-29,3,10.4,33
62,2025-08-29,5,11.2,33
63,2025-08-29,6,10.0,33
64,2025-08-29,23,9.6,33
65,2025-08-29,7,11.2,33
66,2025-08-29,11,0.0,33
67,2025-08-29,16,10.4,33
68,2025-08-29,13,0.0,33
69,2025-08-29,1,0.0,33
70,2025-08-29,27,0.0,33
71,2025-08-29,22,8.8,33
72,2025-08-29,17,10.4,33
73,2025-08-29,18,8.8,33
74,2025-08-29,19,8.4,33
75,2025-08-29,8,8.4,33
76,2025-08-29,2,8.8,33
77,2025-08-29,12,0.0,33
78,2025-08-29,24,8.4,33
79,2025-08-29,25,0.0,33
80,2025-08-29,26,0.0,33
81,2025-08-29,9,10.0,33
82,2025-08-29,1,0.0,33
83,2025-08-29,10,6.8,33
84,2025-08-29,24,8.4,33
85,2025-08-29,19,8.4,33
86,2025-08-29,4,9.6,33
87,2025-08-29,27,0.0,33
88,2025-08-29,12,0.0,33
89,2025-08-29,25,0.0,33
90,2025-08-29,20,9.6,33
91,2025-08-29,2,8.8,33
92,2025-08-29,6,10.0,33
93,2025-08-29,28,8.8,33
94,2025-08-29,20,9.6,33
95,2025-08-29,9,10.0,33
96,2025-08-29,18,8.8,33
97,2025-08-29,11,0.0,33
98,2025-08-29,22,8.8,33
99,2025-08-29,23,9.6,33
100,2025-08-29,16,10.4,33
101,2025-08-29,17,10.4,33
102,2025-08-29,7,11.2,33
103,2025-08-29,8,8.4,33
104,2025-08-29,5,11.2,33
105,2025-08-29,3,10.4,33
106,2025-08-29,26,0.0,33
107,2025-08-29,13,0.0,33
108,2025-08-29,15,0.0,33
109,2025-08-29,14,10.4,33
110,2025-08-29,10,6.8,33
111,2025-08-29,21,9.6,33
112,2025-08-30,7,13.6,34
113,2025-08-30,2,11.2,34
114,2025-08-30,4,12.0,34
115,2025-08-30,5,14.0,34
116,2025-08-30,20,12.4,34
117,2025-08-30,6,13.6,34
118,2025-08-30,22,10.0,34
119,2025-08-30,2,11.2,34
120,2025-08-30,3,13.6,34
121,2025-08-30,4,12.0,34
122,2025-08-30,5,14.0,34
123,2025-08-30,8,9.6,34
124,2025-08-30,1,0.0,34
125,2025-08-30,17,12.4,34
126,2025-08-30,23,9.2,34
127,2025-08-30,3,13.6,34
128,2025-08-30,6,13.6,34
129,2025-08-30,10,10.0,34
130,2025-08-30,13,0.0,34
131,2025-08-30,12,0.0,34
132,2025-08-30,1,0.0,34
133,2025-08-30,16,11.2,34
134,2025-08-30,14,12.0,34
135,2025-08-30,18,10.8,34
136,2025-08-30,19,11.6,34
137,2025-08-30,7,13.6,34
138,2025-08-30,9,12.0,34
139,2025-08-30,15,0.0,34
140,2025-08-30,23,9.2,34
141,2025-08-30,18,10.8,34
142,2025-08-30,11,0.0,34
143,2025-08-30,10,10.0,34
144,2025-08-30,14,12.0,34
145,2025-08-30,26,0.0,34
146,2025-08-30,16,11.2,34
147,2025-08-30,27,0.0,34
148,2025-08-30,11,0.0,34
149,2025-08-30,25,0.8,34
150,2025-08-30,28,11.6,34
151,2025-08-30,21,12.4,34
152,2025-08-30,13,0.0,34
153,2025-08-30,12,0.0,34
154,2025-08-30,28,11.6,34
155,2025-08-30,15,0.0,34
156,2025-08-30,24,9.6,34
157,2025-08-30,17,12.4,34
158,2025-08-30,19,11.6,34
159,2025-08-30,20,12.4,34
160,2025-08-30,8,9.6,34
161,2025-08-30,9,12.0,34
162,2025-08-30,22,10.0,34
163,2025-08-30,24,9.6,34
164,2025-08-30,25,0.8,34
165,2025-08-30,26,0.0,34
166,2025-08-30,27,0.0,34
167,2025-08-30,21,12.4,34
168,2025-08-31,23,11.6,35
169,2025-08-31,2,12.8,35
170,2025-08-31,14,14.0,35
171,2025-08-31,17,14.0,35
172,2025-08-31,3,15.6,35
173,2025-08-31,26,0.0,35
174,2025-08-31,25,2.0,35
175,2025-08-31,4,13.6,35
176,2025-08-31,21,10.8,35
177,2025-08-31,15,0.0,35
178,2025-08-31,19,13.6,35
179,2025-08-31,13,0.0,35
180,2025-08-31,8,10.4,35
181,2025-08-31,10,11.6,35
182,2025-08-31,12,0.0,35
183,2025-08-31,28,13.2,35
184,2025-08-31,1,0.0,35
185,2025-08-31,27,0.0,35
186,2025-08-31,11,0.0,35
187,2025-08-31,16,13.6,35
188,2025-08-31,6,16.0,35
189,2025-08-31,18,13.2,35
190,2025-08-31,7,14.8,35
191,2025-08-31,5,14.8,35
192,2025-08-31,22,10.8,35
193,2025-08-31,24,12.8,35
194,2025-08-31,9,12.8,35
195,2025-08-31,20,13.6,35
196,2025-08-31,25,2.0,35
197,2025-08-31,24,12.8,35
198,2025-08-31,1,0.0,35
199,2025-08-31,23,11.6,35
200,2025-08-31,13,0.0,35
201,2025-08-31,19,13.6,35
202,2025-08-31,8,10.4,35
203,2025-08-31,26,0.0,35
204,2025-08-31,14,14.0,35
205,2025-08-31,22,10.8,35
206,2025-08-31,17,14.0,35
207,2025-08-31,21,10.8,35
208,2025-08-31,9,12.8,35
209,2025-08-31,4,13.6,35
210,2025-08-31,2,12.8,35
211,2025-08-31,7,14.8,35
212,2025-08-31,15,0.0,35
213,2025-08-31,16,13.6,35
214,2025-08-31,6,16.0,35
215,2025-08-31,3,15.6,35
216,2025-08-31,20,13.6,35
217,2025-08-31,5,14.8,35
218,2025-08-31,28,13.2,35
219,2025-08-31,11,0.0,35
220,2025-08-31,27,0.0,35
221,2025-08-31,10,11.6,35
222,2025-08-31,12,0.0,35
223,2025-08-31,18,13.2,35
224,2025-09-01,9,15.6,36
225,2025-09-01,11,0.0,36
226,2025-09-01,8,14.0,36
227,2025-09-01,2,14.8,36
228,2025-09-01,10,12.4,36
229,2025-09-01,15,0.0,36
230,2025-09-01,5,17.2,36
231,2025-09-01,12,0.0,36
232,2025-09-01,6,18.4,36
233,2025-09-01,7,18.4,36
234,2025-09-01,13,0.0,36
235,2025-09-01,19,18.8,36
236,2025-09-01,3,18.0,36
237,2025-09-01,17,16.4,36
238,2025-09-01,16,16.4,36
239,2025-09-01,18,15.2,36
240,2025-09-01,20,16.0,36
241,2025-09-01,21,18.4,36
242,2025-09-01,22,14.0,36
243,2025-09-01,28,14.8,36
244,2025-09-01,23,13.6,36
245,2025-09-01,15,0.0,36
246,2025-09-01,26,0.0,36
247,2025-09-01,1,0.0,36
248,2025-09-01,14,16.4,36
249,2025-09-01,24,14.8,36
250,2025-09-01,26,0.0,36
251,2025-09-01,25,2.8,36
252,2025-09-01,16,16.4,36
253,2025-09-01,17,16.4,36
254,2025-09-01,14,16.4,36
255,2025-09-01,3,18.0,36
256,2025-09-01,6,18.4,36
257,2025-09-01,27,0.0,36
258,2025-09-01,4,14.8,36
259,2025-09-01,7,18.4,36
260,2025-09-01,9,15.6,36
261,2025-09-01,10,12.4,36
262,2025-09-01,8,14.0,36
263,2025-09-01,11,0.0,36
264,2025-09-01,12,0.0,36
265,2025-09-01,13,0.0,36
266,2025-09-01,5,17.2,36
267,2025-09-01,1,0.0,36
268,2025-09-01,21,18.4,36
269,2025-09-01,18,15.2,36
270,2025-09-01,19,18.8,36
271,2025-09-01,20,16.0,36
272,2025-09-01,2,14.8,36
273,2025-09-01,4,14.8,36
274,2025-09-01,22,14.0,36
275,2025-09-01,24,14.8,36
276,2025-09-01,25,2.8,36
277,2025-09-01,27,0.0,36
278,2025-09-01,28,14.8,36
279,2025-09-01,23,13.6,36
280,2025-09-02,5,20.4,37
281,2025-09-02,16,20.0,37
282,2025-09-02,13,0.0,37
283,2025-09-02,19,22.4,37
284,2025-09-02,6,21.6,37
285,2025-09-02,3,22.0,37
286,2025-09-02,24,17.2,37
287,2025-09-02,7,21.6,37
288,2025-09-02,2,19.2,37
289,2025-09-02,27,0.0,37
290,2025-09-02,9,18.0,37
291,2025-09-02,15,0.0,37
292,2025-09-02,12,0.0,37
293,2025-09-02,14,20.0,37
294,2025-09-02,1,0.0,37
295,2025-09-02,20,19.6,37
296,2025-09-02,1,0.0,37
297,2025-09-02,22,17.2,37
298,2025-09-02,11,0.0,37
299,2025-09-02,10,16.0,37
300,2025-09-02,4,19.2,37
301,2025-09-02,3,22.0,37
302,2025-09-02,4,19.2,37
303,2025-09-02,25,2.8,37
304,2025-09-02,23,16.4,37
305,2025-09-02,5,20.4,37
306,2025-09-02,21,20.8,37
307,2025-09-02,21,20.8,37
308,2025-09-02,17,21.6,37
309,2025-09-02,22,17.2,37
310,2025-09-02,24,17.2,37
311,2025-09-02,12,0.0,37
312,2025-09-02,19,22.4,37
313,2025-09-02,9,18.0,37
314,2025-09-02,14,20.0,37
315,2025-09-02,26,0.0,37
316,2025-09-02,13,0.0,37
317,2025-09-02,27,0.0,37
318,2025-09-02,28,19.2,37
319,2025-09-02,10,16.0,37
320,2025-09-02,17,21.6,37
321,2025-09-02,7,21.6,37
322,2025-09-02,23,16.4,37
323,2025-09-02,28,19.2,37
324,2025-09-02,6,21.6,37
325,2025-09-02,8,17.2,37
326,2025-09-02,20,19.6,37
327,2025-09-02,18,20.4,37
328,2025-09-02,11,0.0,37
329,2025-09-02,16,20.0,37
330,2025-09-02,15,0.0,37
331,2025-09-02,18,20.4,37
332,2025-09-02,8,17.2,37
333,2025-09-02,2,19.2,37
334,2025-09-02,26,0.0,37
335,2025-09-02,25,2.8,37
336,2025-09-03,20,20.4,38
337,2025-09-03,6,22.0,38
338,2025-09-03,28,21.2,38
339,2025-09-03,7,22.8,38
340,2025-09-03,9,14.8,38
341,2025-09-03,16,20.4,38
342,2025-09-03,10,18.0,38
343,2025-09-03,23,17.2,38
344,2025-09-03,22,17.2,38
345,2025-09-03,21,20.4,38
346,2025-09-03,26,0.0,38
347,2025-09-03,14,20.0,38
348,2025-09-03,5,19.6,38
349,2025-09-03,8,18.4,38
350,2025-09-03,15,0.0,38
351,2025-09-03,25,5.2,38
352,2025-09-03,18,20.0,38
353,2025-09-03,24,18.8,38
354,2025-09-03,13,0.0,38
355,2025-09-03,3,20.4,38
356,2025-09-03,11,0.0,38
357,2025-09-03,27,0.0,38
358,2025-09-03,4,18.4,38
359,2025-09-03,28,21.2,38
360,2025-09-03,17,21.2,38
361,2025-09-03,19,24.0,38
362,2025-09-03,12,0.0,38
363,2025-09-03,2,20.8,38
364,2025-09-03,6,22.0,38
365,2025-09-03,5,19.6,38
366,2025-09-03,21,20.4,38
367,2025-09-03,16,20.4,38
368,2025-09-03,25,5.2,38
369,2025-09-03,3,20.4,38
370,2025-09-03,2,20.8,38
371,2025-09-03,10,18.0,38
372,2025-09-03,12,0.0,38
373,2025-09-03,19,24.0,38
374,2025-09-03,18,20.0,38
375,2025-09-03,17,21.2,38
376,2025-09-03,15,0.0,38
377,2025-09-03,8,18.4,38
378,2025-09-03,23,17.2,38
379,2025-09-03,4,18.4,38
380,2025-09-03,7,22.8,38
381,2025-09-03,13,0.0,38
382,2025-09-03,24,18.8,38
383,2025-09-03,26,0.0,38
384,2025-09-03,14,20.0,38
385,2025-09-03,22,17.2,38
386,2025-09-03,9,14.8,38
387,2025-09-03,20,20.4,38
388,2025-09-03,1,0.0,38
389,2025-09-03,1,0.0,38
390,2025-09-03,11,0.0,38
391,2025-09-03,27,0.0,38
392,2025-09-04,1,0.0,39
393,2025-09-04,18,24.0,39
394,2025-09-04,13,0.0,39
395,2025-09-04,22,19.6,39
396,2025-09-04,27,0.0,39
397,2025-09-04,16,23.2,39
398,2025-09-04,8,21.6,39
399,2025-09-04,11,0.0,39
400,2025-09-04,15,0.0,39
401,2025-09-04,7,26.8,39
402,2025-09-04,20,24.0,39
403,2025-09-04,23,20.8,39
404,2025-09-04,25,6.8,39
405,2025-09-04,19,28.0,39
406,2025-09-04,2,27.2,39
407,2025-09-04,14,24.0,39
408,2025-09-04,17,23.6,39
409,2025-09-04,28,24.8,39
410,2025-09-04,3,24.8,39
411,2025-09-04,5,24.4,39
412,2025-09-04,10,20.8,39
413,2025-09-04,26,0.0,39
414,2025-09-04,24,22.4,39
415,2025-09-04,21,25.2,39
416,2025-09-04,4,22.0,39
417,2025-09-04,9,20.4,39
418,2025-09-04,6,25.2,39
419,2025-09-04,12,0.0,39
420,2025-09-04,2,27.2,39
421,2025-09-04,1,0.0,39
422,2025-09-04,26,0.0,39
423,2025-09-04,21,25.2,39
424,2025-09-04,8,21.6,39
425,2025-09-04,25,6.8,39
426,2025-09-04,5,24.4,39
427,2025-09-04,7,26.8,39
428,2025-09-04,20,24.0,39
429,2025-09-04,13,0.0,39
430,2025-09-04,15,0.0,39
431,2025-09-04,19,28.0,39
432,2025-09-04,9,20.4,39
433,2025-09-04,11,0.0,39
434,2025-09-04,27,0.0,39
435,2025-09-04,16,23.2,39
436,2025-09-04,17,23.6,39
437,2025-09-04,4,22.0,39
438,2025-09-04,6,25.2,39
439,2025-09-04,18,24.0,39
440,2025-09-04,3,24.8,39
441,2025-09-04,28,24.8,39
442,2025-09-04,23,20.8,39
443,2025-09-04,10,20.8,39
444,2025-09-04,12,0.0,39
445,2025-09-04,14,24.0,39
446,2025-09-04,22,19.6,39
447,2025-09-04,24,22.4,39
448,2025-09-05,3,26.8,40
449,2025-09-05,24,24.8,40
450,2025-09-05,11,0.0,40
451,2025-09-05,10,22.4,40
452,2025-09-05,4,24.0,40
453,2025-09-05,8,24.0,40
454,2025-09-05,7,31.6,40
455,2025-09-05,6,28.8,40
456,2025-09-05,5,28.0,40
457,2025-09-05,14,28.4,40
458,2025-09-05,9,22.8,40
459,2025-09-05,12,0.0,40
460,2025-09-05,13,0.0,40
461,2025-09-05,23,25.2,40
462,2025-09-05,2,28.4,40
463,2025-09-05,16,28.8,40
464,2025-09-05,27,0.0,40
465,2025-09-05,20,28.0,40
466,2025-09-05,25,6.0,40
467,2025-09-05,22,26.4,40
468,2025-09-05,21,28.8,40
469,2025-09-05,26,0.0,40
470,2025-09-05,19,31.6,40
471,2025-09-05,18,28.4,40
472,2025-09-05,2,28.4,40
473,2025-09-05,15,0.0,40
474,2025-09-05,1,0.0,40
475,2025-09-05,17,26.4,40
476,2025-09-05,27,0.0,40
477,2025-09-05,14,28.4,40
478,2025-09-05,12,0.0,40
479,2025-09-05,11,0.0,40
480,2025-09-05,10,22.4,40
481,2025-09-05,4,24.0,40
482,2025-09-05,8,24.0,40
483,2025-09-05,7,31.6,40
484,2025-09-05,6,28.8,40
485,2025-09-05,5,28.0,40
486,2025-09-05,1,0.0,40
487,2025-09-05,13,0.0,40
488,2025-09-05,25,6.0,40
489,2025-09-05,16,28.8,40
490,2025-09-05,9,22.8,40
491,2025-09-05,15,0.0,40
492,2025-09-05,21,28.8,40
493,2025-09-05,17,26.4,40
494,2025-09-05,3,26.8,40
495,2025-09-05,26,0.0,40
496,2025-09-05,20,28.0,40
497,2025-09-05,28,29.6,40
498,2025-09-05,23,25.2,40
499,2025-09-05,22,26.4,40
500,2025-09-05,28,29.6,40
501,2025-09-05,19,31.6,40
502,2025-09-05,18,28.4,40
503,2025-09-05,24,24.8,40
504,2025-09-06,27,0.0,41
505,2025-09-06,11,0.0,41
506,2025-09-06,2,31.6,41
507,2025-09-06,8,25.6,41
508,2025-09-06,24,28.0,41
509,2025-09-06,7,34.4,41
510,2025-09-06,28,30.8,41
511,2025-09-06,1,0.0,41
512,2025-09-06,9,28.0,41
513,2025-09-06,10,24.8,41
514,2025-09-06,23,28.4,41
515,2025-09-06,28,30.8,41
516,2025-09-06,27,0.0,41
517,2025-09-06,14,32.4,41
518,2025-09-06,12,0.0,41
519,2025-09-06,16,32.0,41
520,2025-09-06,13,0.0,41
521,2025-09-06,26,0.0,41
522,2025-09-06,22,28.4,41
523,2025-09-06,5,30.4,41
524,2025-09-06,18,30.8,41
525,2025-09-06,17,29.6,41
526,2025-09-06,6,33.2,41
527,2025-09-06,19,34.0,41
528,2025-09-06,20,30.8,41
529,2025-09-06,21,32.0,41
530,2025-09-06,15,0.0,41
531,2025-09-06,26,0.0,41
532,2025-09-06,21,32.0,41
533,2025-09-06,3,29.6,41
534,2025-09-06,19,34.0,41
535,2025-09-06,16,32.0,41
536,2025-09-06,10,24.8,41
537,2025-09-06,11,0.0,41
538,2025-09-06,24,28.0,41
539,2025-09-06,12,0.0,41
540,2025-09-06,13,0.0,41
541,2025-09-06,14,32.4,41
542,2025-09-06,20,30.8,41
543,2025-09-06,15,0.0,41
544,2025-09-06,17,29.6,41
545,2025-09-06,9,28.0,41
546,2025-09-06,18,30.8,41
547,2025-09-06,22,28.4,41
548,2025-09-06,23,28.4,41
549,2025-09-06,6,33.2,41
550,2025-09-06,25,8.0,41
551,2025-09-06,25,8.0,41
552,2025-09-06,3,29.6,41
553,2025-09-06,5,30.4,41
554,2025-09-06,7,34.4,41
555,2025-09-06,2,31.6,41
556,2025-09-06,8,25.6,41
557,2025-09-06,4,26.4,41
558,2025-09-06,1,0.0,41
559,2025-09-06,4,26.4,41
560,2025-09-07,14,36.4,42
561,2025-09-07,15,0.0,42
562,2025-09-07,11,0.0,42
563,2025-09-07,26,0.0,42
564,2025-09-07,9,31.6,42
565,2025-09-07,7,38.8,42
566,2025-09-07,10,27.6,42
567,2025-09-07,5,34.0,42
568,2025-09-07,4,26.8,42
569,2025-09-07,12,0.0,42
570,2025-09-07,8,27.6,42
571,2025-09-07,6,35.6,42
572,2025-09-07,27,0.0,42
573,2025-09-07,25,8.0,42
574,2025-09-07,17,33.6,42
575,2025-09-07,22,31.2,42
576,2025-09-07,18,33.2,42
577,2025-09-07,19,39.6,42
578,2025-09-07,20,34.4,42
579,2025-09-07,21,34.0,42
580,2025-09-07,1,0.0,42
581,2025-09-07,23,31.2,42
582,2025-09-07,24,32.0,42
583,2025-09-07,1,0.0,42
584,2025-09-07,13,0.0,42
585,2025-09-07,28,32.4,42
586,2025-09-07,25,8.0,42
587,2025-09-07,16,36.0,42
588,2025-09-07,2,33.2,42
589,2025-09-07,18,33.2,42
590,2025-09-07,13,0.0,42
591,2025-09-07,15,0.0,42
592,2025-09-07,11,0.0,42
593,2025-09-07,4,26.8,42
594,2025-09-07,7,38.8,42
595,2025-09-07,6,35.6,42
596,2025-09-07,10,27.6,42
597,2025-09-07,5,34.0,42
598,2025-09-07,12,0.0,42
599,2025-09-07,9,31.6,42
600,2025-09-07,8,27.6,42
601,2025-09-07,3,32.8,42
602,2025-09-07,2,33.2,42
603,2025-09-07,16,36.0,42
604,2025-09-07,17,33.6,42
605,2025-09-07,23,31.2,42
606,2025-09-07,19,39.6,42
607,2025-09-07,20,34.4,42
608,2025-09-07,21,34.0,42
609,2025-09-07,22,31.2,42
610,2025-09-07,14,36.4,42
611,2025-09-07,24,32.0,42
612,2025-09-07,3,32.8,42
613,2025-09-07,27,0.0,42
614,2025-09-07,28,32.4,42
615,2025-09-07,26,0.0,42
616,2025-09-08,23,32.0,43
617,2025-09-08,11,0.0,43
618,2025-09-08,10,29.6,43
619,2025-09-08,9,34.4,43
620,2025-09-08,1,0.0,43
621,2025-09-08,4,26.0,43
622,2025-09-08,12,0.0,43
623,2025-09-08,27,0.0,43
624,2025-09-08,5,38.8,43
625,2025-09-08,3,32.4,43
626,2025-09-08,14,38.8,43
627,2025-09-08,6,36.8,43
628,2025-09-08,8,29.6,43
629,2025-09-08,21,34.0,43
630,2025-09-08,16,36.8,43
631,2025-09-08,22,32.0,43
632,2025-09-08,17,33.2,43
633,2025-09-08,20,35.6,43
634,2025-09-08,19,42.0,43
635,2025-09-08,13,0.0,43
636,2025-09-08,18,35.2,43
637,2025-09-08,24,31.6,43
638,2025-09-08,15,0.0,43
639,2025-09-08,25,9.2,43
640,2025-09-08,26,0.0,43
641,2025-09-08,2,35.6,43
642,2025-09-08,28,30.4,43
643,2025-09-08,7,39.6,43
644,2025-09-08,28,30.4,43
645,2025-09-08,2,35.6,43
646,2025-09-08,16,36.8,43
647,2025-09-08,17,33.2,43
648,2025-09-08,18,35.2,43
649,2025-09-08,19,42.0,43
650,2025-09-08,24,31.6,43
651,2025-09-08,15,0.0,43
652,2025-09-08,27,0.0,43
653,2025-09-08,23,32.0,43
654,2025-09-08,25,9.2,43
655,2025-09-08,14,38.8,43
656,2025-09-08,22,32.0,43
657,2025-09-08,21,34.0,43
658,2025-09-08,5,38.8,43
659,2025-09-08,13,0.0,43
660,2025-09-08,20,35.6,43
661,2025-09-08,3,32.4,43
662,2025-09-08,4,26.0,43
663,2025-09-08,1,0.0,43
664,2025-09-08,6,36.8,43
665,2025-09-08,11,0.0,43
666,2025-09-08,26,0.0,43
667,2025-09-08,9,34.4,43
668,2025-09-08,8,29.6,43
669,2025-09-08,7,39.6,43
670,2025-09-08,12,0.0,43
671,2025-09-08,10,29.6,43
672,2025-09-09,12,0.0,44
673,2025-09-09,12,0.0,44
674,2025-09-09,9,34.4,44
675,2025-09-09,8,30.4,44
676,2025-09-09,16,37.6,44
677,2025-09-09,13,0.0,44
678,2025-09-09,24,33.2,44
679,2025-09-09,2,35.6,44
680,2025-09-09,1,0.0,44
681,2025-09-09,27,0.0,44
682,2025-09-09,18,34.8,44
683,2025-09-09,20,34.4,44
684,2025-09-09,19,38.0,44
685,2025-09-09,14,36.8,44
686,2025-09-09,23,30.8,44
687,2025-09-09,15,0.0,44
688,2025-09-09,10,28.8,44
689,2025-09-09,17,32.0,44
690,2025-09-09,4,27.6,44
691,2025-09-09,22,33.2,44
692,2025-09-09,7,38.4,44
693,2025-09-09,21,36.8,44
694,2025-09-09,11,8.4,44
695,2025-09-09,26,0.0,44
696,2025-09-09,6,34.4,44
697,2025-09-09,3,30.4,44
698,2025-09-09,25,9.2,44
699,2025-09-09,5,41.2,44
700,2025-09-09,15,0.0,44
701,2025-09-09,23,30.8,44
702,2025-09-09,14,36.8,44
703,2025-09-09,25,9.2,44
704,2025-09-09,24,33.2,44
705,2025-09-09,5,41.2,44
706,2025-09-09,22,33.2,44
707,2025-09-09,28,29.6,44
708,2025-09-09,19,38.0,44
709,2025-09-09,18,34.8,44
710,2025-09-09,3,30.4,44
711,2025-09-09,7,38.4,44
712,2025-09-09,16,37.6,44
713,2025-09-09,8,30.4,44
714,2025-09-09,27,0.0,44
715,2025-09-09,1,0.0,44
716,2025-09-09,10,28.8,44
717,2025-09-09,2,35.6,44
718,2025-09-09,17,32.0,44
719,2025-09-09,13,0.0,44
720,2025-09-09,11,8.4,44
721,2025-09-09,21,36.8,44
722,2025-09-09,9,34.4,44
723,2025-09-09,20,34.4,44
724,2025-09-09,6,34.4,44
725,2025-09-09,26,0.0,44
726,2025-09-09,4,27.6,44
727,2025-09-09,28,29.6,44
728,2025-09-10,5,46.0,45
729,2025-09-10,27,0.0,45
730,2025-09-10,8,34.4,45
731,2025-09-10,7,44.8,45
732,2025-09-10,14,42.0,45
733,2025-09-10,2,38.8,45
734,2025-09-10,3,32.8,45
735,2025-09-10,4,30.8,45
736,2025-09-10,26,0.0,45
737,2025-09-10,2,38.8,45
738,2025-09-10,10,32.0,45
739,2025-09-10,9,38.4,45
740,2025-09-10,11,18.4,45
741,2025-09-10,17,34.4,45
742,2025-09-10,18,38.8,45
743,2025-09-10,12,0.0,45
744,2025-09-10,23,34.0,45
745,2025-09-10,21,38.8,45
746,2025-09-10,20,38.4,45
747,2025-09-10,19,46.4,45
748,2025-09-10,28,33.6,45
749,2025-09-10,22,35.2,45
750,2025-09-10,16,43.6,45
751,2025-09-10,15,0.0,45
752,2025-09-10,1,0.0,45
753,2025-09-10,6,44.8,45
754,2025-09-10,13,0.0,45
755,2025-09-10,14,42.0,45
756,2025-09-10,15,0.0,45
757,2025-09-10,20,38.4,45
758,2025-09-10,10,32.0,45
759,2025-09-10,9,38.4,45
760,2025-09-10,12,0.0,45
761,2025-09-10,27,0.0,45
762,2025-09-10,8,34.4,45
763,2025-09-10,13,0.0,45
764,2025-09-10,11,18.4,45
765,2025-09-10,5,46.0,45
766,2025-09-10,4,30.8,45
767,2025-09-10,3,32.8,45
768,2025-09-10,24,36.0,45
769,2025-09-10,7,44.8,45
770,2025-09-10,6,44.8,45
771,2025-09-10,1,0.0,45
772,2025-09-10,25,10.0,45
773,2025-09-10,26,0.0,45
774,2025-09-10,25,10.0,45
775,2025-09-10,23,34.0,45
776,2025-09-10,18,38.8,45
777,2025-09-10,22,35.2,45
778,2025-09-10,28,33.6,45
779,2025-09-10,19,46.4,45
780,2025-09-10,24,36.0,45
781,2025-09-10,17,34.4,45
782,2025-09-10,16,43.6,45
783,2025-09-10,21,38.8,45
784,2025-09-11,1,0.0,46
785,2025-09-11,25,11.2,46
786,2025-09-11,21,38.8,46
787,2025-09-11,20,40.0,46
788,2025-09-11,26,0.0,46
789,2025-09-11,19,48.0,46
790,2025-09-11,3,33.2,46
791,2025-09-11,15,0.0,46
792,2025-09-11,14,42.0,46
793,2025-09-11,11,22.8,46
794,2025-09-11,7,47.6,46
795,2025-09-11,23,35.2,46
796,2025-09-11,6,48.4,46
797,2025-09-11,27,0.0,46
798,2025-09-11,9,42.0,46
799,2025-09-11,22,36.8,46
800,2025-09-11,16,46.0,46
801,2025-09-11,8,36.4,46
802,2025-09-11,17,36.4,46
803,2025-09-11,5,46.8,46
804,2025-09-11,12,0.0,46
805,2025-09-11,2,40.0,46
806,2025-09-11,18,37.6,46
807,2025-09-11,13,0.0,46
808,2025-09-11,28,33.6,46
809,2025-09-11,1,0.0,46
810,2025-09-11,10,35.2,46
811,2025-09-11,4,32.4,46
812,2025-09-11,24,36.0,46
813,2025-09-11,16,46.0,46
814,2025-09-11,17,36.4,46
815,2025-09-11,2,40.0,46
816,2025-09-11,3,33.2,46
817,2025-09-11,26,0.0,46
818,2025-09-11,6,48.4,46
819,2025-09-11,20,40.0,46
820,2025-09-11,8,36.4,46
821,2025-09-11,9,42.0,46
822,2025-09-11,15,0.0,46
823,2025-09-11,24,36.0,46
824,2025-09-11,12,0.0,46
825,2025-09-11,23,35.2,46
826,2025-09-11,25,11.2,46
827,2025-09-11,14,42.0,46
828,2025-09-11,18,37.6,46
829,2025-09-11,27,0.0,46
830,2025-09-11,10,35.2,46
831,2025-09-11,19,48.0,46
832,2025-09-11,21,38.8,46
833,2025-09-11,4,32.4,46
834,2025-09-11,22,36.8,46
835,2025-09-11,13,0.0,46
836,2025-09-11,28,33.6,46
837,2025-09-11,5,46.8,46
838,2025-09-11,7,47.6,46
839,2025-09-11,11,22.8,46
840,2025-09-12,6,50.4,47
841,2025-09-12,26,0.0,47
842,2025-09-12,27,0.0,47
843,2025-09-12,26,0.0,47
844,2025-09-12,13,0.0,47
845,2025-09-12,23,37.6,47
846,2025-09-12,24,37.2,47
847,2025-09-12,20,42.0,47
848,2025-09-12,19,50.4,47
849,2025-09-12,28,33.2,47
850,2025-09-12,10,38.0,47
851,2025-09-12,7,50.8,47
852,2025-09-12,9,46.0,47
853,2025-09-12,14,46.4,47
854,2025-09-12,28,33.2,47
855,2025-09-12,2,40.0,47
856,2025-09-12,16,45.6,47
857,2025-09-12,11,22.0,47
858,2025-09-12,21,39.6,47
859,2025-09-12,8,38.0,47
860,2025-09-12,24,37.2,47
861,2025-09-12,5,44.8,47
862,2025-09-12,18,40.0,47
863,2025-09-12,25,12.4,47
864,2025-09-12,15,0.0,47
865,2025-09-12,17,36.0,47
866,2025-09-12,27,0.0,47
867,2025-09-12,22,38.0,47
868,2025-09-12,12,0.0,47
869,2025-09-12,4,33.2,47
870,2025-09-12,7,50.8,47
871,2025-09-12,9,46.0,47
872,2025-09-12,21,39.6,47
873,2025-09-12,23,37.6,47
874,2025-09-12,19,50.4,47
875,2025-09-12,5,44.8,47
876,2025-09-12,17,36.0,47
877,2025-09-12,16,45.6,47
878,2025-09-12,12,0.0,47
879,2025-09-12,11,22.0,47
880,2025-09-12,3,34.4,47
881,2025-09-12,1,0.0,47
882,2025-09-12,18,40.0,47
883,2025-09-12,10,38.0,47
884,2025-09-12,8,38.0,47
885,2025-09-12,14,46.4,47
886,2025-09-12,22,38.0,47
887,2025-09-12,6,50.4,47
888,2025-09-12,3,34.4,47
889,2025-09-12,15,0.0,47
890,2025-09-12,2,40.0,47
891,2025-09-12,25,12.4,47
892,2025-09-12,4,33.2,47
893,2025-09-12,13,0.0,47
894,2025-09-12,1,0.0,47
895,2025-09-12,20,42.0,47
896,2025-09-13,28,35.6,48
897,2025-09-13,5,41.6,48
898,2025-09-13,13,0.0,48
899,2025-09-13,28,35.6,48
900,2025-09-13,24,40.0,48
901,2025-09-13,7,52.8,48
902,2025-09-13,11,27.2,48
903,2025-09-13,23,38.8,48
904,2025-09-13,9,48.0,48
905,2025-09-13,17,38.0,48
906,2025-09-13,19,50.4,48
907,2025-09-13,2,39.2,48
908,2025-09-13,26,0.0,48
909,2025-09-13,20,43.2,48
910,2025-09-13,27,0.0,48
911,2025-09-13,25,13.6,48
912,2025-09-13,22,38.4,48
913,2025-09-13,4,33.2,48
914,2025-09-13,10,39.2,48
915,2025-09-13,3,34.8,48
916,2025-09-13,8,36.8,48
917,2025-09-13,14,46.8,48
918,2025-09-13,16,46.0,48
919,2025-09-13,18,39.6,48
920,2025-09-13,21,40.0,48
921,2025-09-13,15,0.0,48
922,2025-09-13,12,0.0,48
923,2025-09-13,6,51.6,48
924,2025-09-13,11,27.2,48
925,2025-09-13,12,0.0,48
926,2025-09-13,4,33.2,48
927,2025-09-13,6,51.6,48
928,2025-09-13,24,40.0,48
929,2025-09-13,1,0.0,48
930,2025-09-13,21,40.0,48
931,2025-09-13,17,38.0,48
932,2025-09-13,9,48.0,48
933,2025-09-13,16,46.0,48
934,2025-09-13,26,0.0,48
935,2025-09-13,23,38.8,48
936,2025-09-13,13,0.0,48
937,2025-09-13,14,46.8,48
938,2025-09-13,2,39.2,48
939,2025-09-13,25,13.6,48
940,2025-09-13,15,0.0,48
941,2025-09-13,19,50.4,48
942,2025-09-13,7,52.8,48
943,2025-09-13,22,38.4,48
944,2025-09-13,5,41.6,48
945,2025-09-13,3,34.8,48
946,2025-09-13,8,36.8,48
947,2025-09-13,27,0.0,48
948,2025-09-13,1,0.0,48
949,2025-09-13,18,39.6,48
950,2025-09-13,20,43.2,48
951,2025-09-13,10,39.2,48
952,2025-09-14,9,46.4,49
953,2025-09-14,6,49.6,49
954,2025-09-14,27,0.0,49
955,2025-09-14,10,37.6,49
956,2025-09-14,1,0.0,49
957,2025-09-14,1,0.0,49
958,2025-09-14,2,36.8,49
959,2025-09-14,8,36.8,49
960,2025-09-14,4,32.0,49
961,2025-09-14,3,32.8,49
962,2025-09-14,5,38.8,49
963,2025-09-14,7,52.4,49
964,2025-09-14,11,27.2,49
965,2025-09-14,9,46.4,49
966,2025-09-14,20,42.8,49
967,2025-09-14,14,43.6,49
968,2025-09-14,10,37.6,49
969,2025-09-14,11,27.2,49
970,2025-09-14,12,4.8,49
971,2025-09-14,8,36.8,49
972,2025-09-14,13,0.0,49
973,2025-09-14,15,0.0,49
974,2025-09-14,16,43.2,49
975,2025-09-14,17,35.6,49
976,2025-09-14,19,47.2,49
977,2025-09-14,21,41.6,49
978,2025-09-14,12,4.8,49
979,2025-09-14,13,0.0,49
980,2025-09-14,22,38.4,49
981,2025-09-14,18,36.8,49
982,2025-09-14,24,41.2,49
983,2025-09-14,23,39.2,49
984,2025-09-14,19,47.2,49
985,2025-09-14,15,0.0,49
986,2025-09-14,18,36.8,49
987,2025-09-14,14,43.6,49
988,2025-09-14,26,0.0,49
989,2025-09-14,16,43.2,49
990,2025-09-14,5,38.8,49
991,2025-09-14,7,52.4,49
992,2025-09-14,28,32.8,49
993,2025-09-14,17,35.6,49
994,2025-09-14,25,14.0,49
995,2025-09-14,6,49.6,49
996,2025-09-14,20,42.8,49
997,2025-09-14,27,0.0,49
998,2025-09-14,22,38.4,49
999,2025-09-14,24,41.2,49
1000,2025-09-14,25,14.0,49
1001,2025-09-14,3,32.8,49
1002,2025-09-14,26,0.0,49
1003,2025-09-14,28,32.8,49
1004,2025-09-14,2,36.8,49
1005,2025-09-14,4,32.0,49
1006,2025-09-14,23,39.2,49
1007,2025-09-14,21,41.6,49
1008,2025-09-15,22,41.2,50
1009,2025-09-15,9,50.4,50
1010,2025-09-15,8,41.2,50
1011,2025-09-15,7,55.2,50
1012,2025-09-15,11,29.6,50
1013,2025-09-15,2,37.2,50
1014,2025-09-15,10,42.4,50
1015,2025-09-15,27,0.0,50
1016,2025-09-15,3,34.8,50
1017,2025-09-15,1,0.0,50
1018,2025-09-15,12,6.0,50
1019,2025-09-15,4,34.8,50
1020,2025-09-15,6,50.0,50
1021,2025-09-15,19,50.4,50
1022,2025-09-15,13,0.0,50
1023,2025-09-15,20,46.0,50
1024,2025-09-15,15,0.0,50
1025,2025-09-15,18,37.2,50
1026,2025-09-15,17,36.4,50
1027,2025-09-15,21,43.2,50
1028,2025-09-15,16,42.4,50
1029,2025-09-15,23,43.6,50
1030,2025-09-15,28,34.4,50
1031,2025-09-15,24,44.8,50
1032,2025-09-15,25,14.8,50
1033,2025-09-15,14,49.2,50
1034,2025-09-15,26,0.0,50
1035,2025-09-15,5,37.6,50
1036,2025-09-15,1,0.0,50
1037,2025-09-15,26,0.0,50
1038,2025-09-15,13,0.0,50
1039,2025-09-15,12,6.0,50
1040,2025-09-15,11,29.6,50
1041,2025-09-15,10,42.4,50
1042,2025-09-15,5,37.6,50
1043,2025-09-15,14,49.2,50
1044,2025-09-15,3,34.8,50
1045,2025-09-15,6,50.0,50
1046,2025-09-15,4,34.8,50
1047,2025-09-15,15,0.0,50
1048,2025-09-15,7,55.2,50
1049,2025-09-15,8,41.2,50
1050,2025-09-15,23,43.6,50
1051,2025-09-15,16,42.4,50
1052,2025-09-15,9,50.4,50
1053,2025-09-15,25,14.8,50
1054,2025-09-15,24,44.8,50
1055,2025-09-15,21,43.2,50
1056,2025-09-15,27,0.0,50
1057,2025-09-15,20,46.0,50
1058,2025-09-15,2,37.2,50
1059,2025-09-15,18,37.2,50
1060,2025-09-15,22,41.2,50
1061,2025-09-15,19,50.4,50
1062,2025-09-15,17,36.4,50
1063,2025-09-15,28,34.4,50
1064,2025-09-16,18,36.0,51
1065,2025-09-16,2,36.8,51
1066,2025-09-16,17,39.6,51
1067,2025-09-16,23,41.6,51
1068,2025-09-16,7,52.8,51
1069,2025-09-16,5,38.8,51
1070,2025-09-16,13,0.0,51
1071,2025-09-16,28,35.6,51
1072,2025-09-16,12,0.0,51
1073,2025-09-16,9,48.4,51
1074,2025-09-16,15,0.0,51
1075,2025-09-16,20,44.8,51
1076,2025-09-16,11,30.8,51
1077,2025-09-16,14,45.6,51
1078,2025-09-16,19,49.6,51
1079,2025-09-16,27,0.0,51
1080,2025-09-16,3,33.6,51
1081,2025-09-16,8,39.6,51
1082,2025-09-16,22,39.2,51
1083,2025-09-16,25,14.8,51
1084,2025-09-16,24,46.4,51
1085,2025-09-16,4,34.4,51
1086,2025-09-16,10,40.4,51
1087,2025-09-16,6,45.6,51
1088,2025-09-16,26,2.0,51
1089,2025-09-16,16,42.4,51
1090,2025-09-16,21,40.0,51
1091,2025-09-16,15,0.0,51
1092,2025-09-16,26,2.0,51
1093,2025-09-16,18,36.0,51
1094,2025-09-16,27,0.0,51
1095,2025-09-16,16,42.4,51
1096,2025-09-16,4,34.4,51
1097,2025-09-16,3,33.6,51
1098,2025-09-16,9,48.4,51
1099,2025-09-16,11,30.8,51
1100,2025-09-16,2,36.8,51
1101,2025-09-16,1,0.0,51
1102,2025-09-16,28,35.6,51
1103,2025-09-16,24,46.4,51
1104,2025-09-16,10,40.4,51
1105,2025-09-16,14,45.6,51
1106,2025-09-16,17,39.6,51
1107,2025-09-16,1,0.0,51
1108,2025-09-16,25,14.8,51
1109,2025-09-16,23,41.6,51
1110,2025-09-16,21,40.0,51
1111,2025-09-16,8,39.6,51
1112,2025-09-16,13,0.0,51
1113,2025-09-16,5,38.8,51
1114,2025-09-16,19,49.6,51
1115,2025-09-16,20,44.8,51
1116,2025-09-16,22,39.2,51
1117,2025-09-16,12,0.0,51
1118,2025-09-16,6,45.6,51
1119,2025-09-16,7,52.8,51
1120,2025-09-17,11,30.0,52
1121,2025-09-17,28,34.8,52
1122,2025-09-17,25,14.8,52
1123,2025-09-17,1,0.0,52
1124,2025-09-17,25,14.8,52
1125,2025-09-17,5,37.6,52
1126,2025-09-17,23,42.0,52
1127,2025-09-17,24,46.0,52
1128,2025-09-17,21,46.0,52
1129,2025-09-17,7,52.8,52
1130,2025-09-17,9,48.0,52
1131,2025-09-17,2,37.6,52
1132,2025-09-17,15,0.0,52
1133,2025-09-17,28,34.8,52
1134,2025-09-17,27,0.0,52
1135,2025-09-17,19,51.2,52
1136,2025-09-17,27,0.0,52
1137,2025-09-17,20,46.4,52
1138,2025-09-17,9,48.0,52
1139,2025-09-17,3,35.2,52
1140,2025-09-17,11,30.0,52
1141,2025-09-17,6,44.0,52
1142,2025-09-17,8,38.8,52
1143,2025-09-17,18,37.2,52
1144,2025-09-17,26,6.8,52
1145,2025-09-17,17,40.0,52
1146,2025-09-17,16,41.6,52
1147,2025-09-17,13,0.0,52
1148,2025-09-17,3,35.2,52
1149,2025-09-17,13,0.0,52
1150,2025-09-17,14,46.0,52
1151,2025-09-17,7,52.8,52
1152,2025-09-17,22,37.2,52
1153,2025-09-17,18,37.2,52
1154,2025-09-17,22,37.2,52
1155,2025-09-17,12,0.0,52
1156,2025-09-17,16,41.6,52
1157,2025-09-17,5,37.6,52
1158,2025-09-17,12,0.0,52
1159,2025-09-17,2,37.6,52
1160,2025-09-17,10,41.2,52
1161,2025-09-17,4,36.4,52
1162,2025-09-17,21,46.0,52
1163,2025-09-17,20,46.4,52
1164,2025-09-17,24,46.0,52
1165,2025-09-17,23,42.0,52
1166,2025-09-17,17,40.0,52
1167,2025-09-17,6,44.0,52
1168,2025-09-17,14,46.0,52
1169,2025-09-17,8,38.8,52
1170,2025-09-17,1,0.0,52
1171,2025-09-17,26,6.8,52
1172,2025-09-17,4,36.4,52
1173,2025-09-17,10,41.2,52
1174,2025-09-17,19,51.2,52
1175,2025-09-17,15,0.0,52
1176,2025-09-18,9,46.8,53
1177,2025-09-18,8,35.2,53
1178,2025-09-18,4,34.8,53
1179,2025-09-18,14,44.4,53
1180,2025-09-18,6,41.2,53
1181,2025-09-18,3,33.6,53
1182,2025-09-18,11,27.6,53
1183,2025-09-18,10,42.4,53
1184,2025-09-18,3,33.6,53
1185,2025-09-18,12,0.0,53
1186,2025-09-18,7,54.0,53
1187,2025-09-18,5,36.0,53
1188,2025-09-18,13,0.0,53
1189,2025-09-18,25,14.8,53
1190,2025-09-18,2,36.4,53
1191,2025-09-18,18,36.0,53
1192,2025-09-18,19,43.2,53
1193,2025-09-18,20,44.0,53
1194,2025-09-18,21,44.8,53
1195,2025-09-18,22,34.0,53
1196,2025-09-18,2,36.4,53
1197,2025-09-18,24,47.6,53
1198,2025-09-18,15,0.0,53
1199,2025-09-18,26,8.0,53
1200,2025-09-18,27,2.0,53
1201,2025-09-18,16,39.6,53
1202,2025-09-18,17,37.2,53
1203,2025-09-18,23,41.2,53
1204,2025-09-18,1,0.0,53
1205,2025-09-18,25,14.8,53
1206,2025-09-18,8,35.2,53
1207,2025-09-18,5,36.0,53
1208,2025-09-18,27,2.0,53
1209,2025-09-18,7,54.0,53
1210,2025-09-18,14,44.4,53
1211,2025-09-18,11,27.6,53
1212,2025-09-18,10,42.4,53
1213,2025-09-18,4,34.8,53
1214,2025-09-18,12,0.0,53
1215,2025-09-18,28,33.2,53
1216,2025-09-18,6,41.2,53
1217,2025-09-18,13,0.0,53
1218,2025-09-18,9,46.8,53
1219,2025-09-18,1,0.0,53
1220,2025-09-18,17,37.2,53
1221,2025-09-18,18,36.0,53
1222,2025-09-18,19,43.2,53
1223,2025-09-18,20,44.0,53
1224,2025-09-18,21,44.8,53
1225,2025-09-18,22,34.0,53
1226,2025-09-18,23,41.2,53
1227,2025-09-18,24,47.6,53
1228,2025-09-18,16,39.6,53
1229,2025-09-18,15,0.0,53
1230,2025-09-18,26,8.0,53
1231,2025-09-18,28,33.2,53
1232,2025-09-19,22,36.0,54
1233,2025-09-19,12,0.0,54
1234,2025-09-19,18,37.6,54
1235,2025-09-19,14,44.8,54
1236,2025-09-19,28,34.4,54
1237,2025-09-19,9,46.4,54
1238,2025-09-19,8,36.0,54
1239,2025-09-19,16,40.0,54
1240,2025-09-19,19,50.0,54
1241,2025-09-19,3,37.2,54
1242,2025-09-19,27,0.0,54
1243,2025-09-19,5,38.8,54
1244,2025-09-19,15,0.0,54
1245,2025-09-19,7,54.8,54
1246,2025-09-19,11,29.2,54
1247,2025-09-19,10,42.4,54
1248,2025-09-19,17,40.0,54
1249,2025-09-19,1,0.0,54
1250,2025-09-19,20,44.8,54
1251,2025-09-19,23,43.6,54
1252,2025-09-19,25,12.4,54
1253,2025-09-19,2,37.6,54
1254,2025-09-19,2,37.6,54
1255,2025-09-19,21,48.0,54
1256,2025-09-19,6,43.6,54
1257,2025-09-19,13,0.0,54
1258,2025-09-19,26,9.2,54
1259,2025-09-19,24,49.6,54
1260,2025-09-19,26,9.2,54
1261,2025-09-19,19,50.0,54
1262,2025-09-19,11,29.2,54
1263,2025-09-19,23,43.6,54
1264,2025-09-19,13,0.0,54
1265,2025-09-19,28,34.4,54
1266,2025-09-19,7,54.8,54
1267,2025-09-19,6,43.6,54
1268,2025-09-19,18,37.6,54
1269,2025-09-19,9,46.4,54
1270,2025-09-19,27,0.0,54
1271,2025-09-19,4,36.0,54
1272,2025-09-19,24,49.6,54
1273,2025-09-19,14,44.8,54
1274,2025-09-19,25,12.4,54
1275,2025-09-19,15,0.0,54
1276,2025-09-19,10,42.4,54
1277,2025-09-19,12,0.0,54
1278,2025-09-19,5,38.8,54
1279,2025-09-19,17,40.0,54
1280,2025-09-19,3,37.2,54
1281,2025-09-19,22,36.0,54
1282,2025-09-19,21,48.0,54
1283,2025-09-19,4,36.0,54
1284,2025-09-19,20,44.8,54
1285,2025-09-19,8,36.0,54
1286,2025-09-19,1,0.0,54
1287,2025-09-19,16,40.0,54
1288,2025-09-20,18,38.8,55
1289,2025-09-20,9,46.0,55
1290,2025-09-20,16,40.8,55
1291,2025-09-20,15,0.0,55
1292,2025-09-20,24,44.8,55
1293,2025-09-20,22,33.2,55
1294,2025-09-20,25,12.0,55
1295,2025-09-20,20,46.0,55
1296,2025-09-20,19,46.8,55
1297,2025-09-20,21,46.8,55
1298,2025-09-20,13,0.0,55
1299,2025-09-20,26,10.4,55
1300,2025-09-20,5,37.6,55
1301,2025-09-20,28,34.0,55
1302,2025-09-20,12,3.6,55
1303,2025-09-20,17,40.0,55
1304,2025-09-20,6,41.2,55
1305,2025-09-20,11,28.4,55
1306,2025-09-20,10,41.2,55
1307,2025-09-20,8,36.0,55
1308,2025-09-20,27,0.0,55
1309,2025-09-20,3,38.8,55
1310,2025-09-20,4,36.8,55
1311,2025-09-20,2,40.8,55
1312,2025-09-20,14,46.4,55
1313,2025-09-20,7,53.2,55
1314,2025-09-20,1,0.0,55
1315,2025-09-20,23,38.8,55
1316,2025-09-20,28,34.0,55
1317,2025-09-20,13,0.0,55
1318,2025-09-20,15,0.0,55
1319,2025-09-20,19,46.8,55
1320,2025-09-20,17,40.0,55
1321,2025-09-20,14,46.4,55
1322,2025-09-20,22,33.2,55
1323,2025-09-20,23,38.8,55
1324,2025-09-20,18,38.8,55
1325,2025-09-20,24,44.8,55
1326,2025-09-20,16,40.8,55
1327,2025-09-20,6,41.2,55
1328,2025-09-20,21,46.8,55
1329,2025-09-20,5,37.6,55
1330,2025-09-20,20,46.0,55
1331,2025-09-20,12,3.6,55
1332,2025-09-20,25,12.0,55
1333,2025-09-20,7,53.2,55
1334,2025-09-20,1,0.0,55
1335,2025-09-20,2,40.8,55
1336,2025-09-20,3,38.8,55
1337,2025-09-20,4,36.8,55
1338,2025-09-20,27,0.0,55
1339,2025-09-20,8,36.0,55
1340,2025-09-20,9,46.0,55
1341,2025-09-20,11,28.4,55
1342,2025-09-20,26,10.4,55
1343,2025-09-20,10,41.2,55
1344,2025-09-21,7,47.2,56
1345,2025-09-21,17,36.8,56
1346,2025-09-21,27,18.8,56
1347,2025-09-21,26,14.4,56
1348,2025-09-21,3,35.2,56
1349,2025-09-21,20,41.2,56
1350,2025-09-21,23,35.2,56
1351,2025-09-21,18,36.4,56
1352,2025-09-21,22,30.4,56
1353,2025-09-21,19,40.8,56
1354,2025-09-21,16,38.0,56
1355,2025-09-21,28,30.8,56
1356,2025-09-21,25,20.4,56
1357,2025-09-21,9,41.2,56
1358,2025-09-21,14,44.4,56
1359,2025-09-21,8,33.2,56
1360,2025-09-21,13,18.8,56
1361,2025-09-21,10,38.0,56
1362,2025-09-21,11,23.6,56
1363,2025-09-21,21,42.8,56
1364,2025-09-21,12,5.6,56
1365,2025-09-21,6,38.8,56
1366,2025-09-21,2,37.6,56
1367,2025-09-21,5,32.8,56
1368,2025-09-21,4,32.4,56
1369,2025-09-21,15,25.2,56
1370,2025-09-21,1,22.8,56
1371,2025-09-21,24,37.6,56
1372,2025-09-21,26,14.4,56
1373,2025-09-21,1,22.8,56
1374,2025-09-21,16,38.0,56
1375,2025-09-21,17,36.8,56
1376,2025-09-21,18,36.4,56
1377,2025-09-21,15,25.2,56
1378,2025-09-21,23,35.2,56
1379,2025-09-21,14,44.4,56
1380,2025-09-21,25,20.4,56
1381,2025-09-21,22,30.4,56
1382,2025-09-21,24,37.6,56
1383,2025-09-21,13,18.8,56
1384,2025-09-21,21,42.8,56
1385,2025-09-21,20,41.2,56
1386,2025-09-21,4,32.4,56
1387,2025-09-21,28,30.8,56
1388,2025-09-21,27,18.8,56
1389,2025-09-21,2,37.6,56
1390,2025-09-21,12,5.6,56
1391,2025-09-21,3,35.2,56
1392,2025-09-21,5,32.8,56
1393,2025-09-21,10,38.0,56
1394,2025-09-21,19,40.8,56
1395,2025-09-21,8,33.2,56
1396,2025-09-21,7,47.2,56
1397,2025-09-21,6,38.8,56
1398,2025-09-21,11,23.6,56
1399,2025-09-21,9,41.2,56
1400,2025-09-22,1,40.0,57
1401,2025-09-22,16,36.4,57
1402,2025-09-22,12,6.8,57
1403,2025-09-22,11,20.4,57
1404,2025-09-22,28,29.6,57
1405,2025-09-22,15,47.6,57
1406,2025-09-22,18,35.2,57
1407,2025-09-22,5,30.4,57
1408,2025-09-22,4,31.6,57
1409,2025-09-22,13,35.6,57
1410,2025-09-22,25,32.0,57
1411,2025-09-22,6,34.8,57
1412,2025-09-22,24,36.0,57
1413,2025-09-22,14,41.2,57
1414,2025-09-22,21,38.8,57
1415,2025-09-22,23,30.4,57
1416,2025-09-22,8,34.0,57
1417,2025-09-22,16,36.4,57
1418,2025-09-22,7,42.0,57
1419,2025-09-22,19,40.0,57
1420,2025-09-22,10,37.6,57
1421,2025-09-22,22,32.0,57
1422,2025-09-22,3,33.2,57
1423,2025-09-22,17,38.0,57
1424,2025-09-22,9,36.8,57
1425,2025-09-22,13,35.6,57
1426,2025-09-22,14,41.2,57
1427,2025-09-22,2,32.8,57
1428,2025-09-22,19,40.0,57
1429,2025-09-22,6,34.8,57
1430,2025-09-22,24,36.0,57
1431,2025-09-22,8,34.0,57
1432,2025-09-22,7,42.0,57
1433,2025-09-22,26,19.2,57
1434,2025-09-22,5,30.4,57
1435,2025-09-22,23,30.4,57
1436,2025-09-22,2,32.8,57
1437,2025-09-22,1,40.0,57
1438,2025-09-22,17,38.0,57
1439,2025-09-22,25,32.0,57
1440,2025-09-22,27,38.0,57
1441,2025-09-22,26,19.2,57
1442,2025-09-22,10,37.6,57
1443,2025-09-22,20,41.2,57
1444,2025-09-22,18,35.2,57
1445,2025-09-22,12,6.8,57
1446,2025-09-22,15,47.6,57
1447,2025-09-22,20,41.2,57
1448,2025-09-22,21,38.8,57
1449,2025-09-22,4,31.6,57
1450,2025-09-22,22,32.0,57
1451,2025-09-22,3,33.2,57
1452,2025-09-22,27,38.0,57
1453,2025-09-22,9,36.8,57
1454,2025-09-22,28,29.6,57
1455,2025-09-22,11,20.4,57
1456,2025-09-23,4,34.0,58
1457,2025-09-23,12,10.0,58
1458,2025-09-23,21,37.2,58
1459,2025-09-23,1,40.0,58
1460,2025-09-23,24,38.0,58
1461,2025-09-23,2,36.8,58
1462,2025-09-23,19,40.8,58
1463,2025-09-23,26,19.2,58
1464,2025-09-23,3,34.4,58
1465,2025-09-23,23,32.0,58
1466,2025-09-23,15,44.0,58
1467,2025-09-23,25,32.8,58
1468,2025-09-23,20,42.4,58
1469,2025-09-23,10,40.8,58
1470,2025-09-23,14,41.6,58
1471,2025-09-23,18,38.8,58
1472,2025-09-23,16,38.8,58
1473,2025-09-23,6,33.2,58
1474,2025-09-23,17,38.4,58
1475,2025-09-23,8,34.0,58
1476,2025-09-23,11,24.0,58
1477,2025-09-23,9,39.6,58
1478,2025-09-23,25,32.8,58
1479,2025-09-23,5,33.2,58
1480,2025-09-23,17,38.4,58
1481,2025-09-23,13,37.2,58
1482,2025-09-23,7,40.8,58
1483,2025-09-23,22,32.8,58
1484,2025-09-23,18,38.8,58
1485,2025-09-23,13,37.2,58
1486,2025-09-23,14,41.6,58
1487,2025-09-23,7,40.8,58
1488,2025-09-23,12,10.0,58
1489,2025-09-23,15,44.0,58
1490,2025-09-23,22,32.8,58
1491,2025-09-23,28,31.2,58
1492,2025-09-23,27,38.4,58
1493,2025-09-23,16,38.8,58
1494,2025-09-23,24,38.0,58
1495,2025-09-23,20,42.4,58
1496,2025-09-23,23,32.0,58
1497,2025-09-23,26,19.2,58
1498,2025-09-23,21,37.2,58
1499,2025-09-23,27,38.4,58
1500,2025-09-23,28,31.2,58
1501,2025-09-23,19,40.8,58
1502,2025-09-23,10,40.8,58
1503,2025-09-23,1,40.0,58
1504,2025-09-23,5,33.2,58
1505,2025-09-23,6,33.2,58
1506,2025-09-23,8,34.0,58
1507,2025-09-23,4,34.0,58
1508,2025-09-23,11,24.0,58
1509,2025-09-23,9,39.6,58
1510,2025-09-23,3,34.4,58
1511,2025-09-23,2,36.8,58
1512,2025-09-24,16,39.6,59
1513,2025-09-24,22,32.4,59
1514,2025-09-24,18,38.0,59
1515,2025-09-24,21,38.0,59
1516,2025-09-24,20,40.8,59
1517,2025-09-24,24,36.0,59
1518,2025-09-24,19,38.8,59
1519,2025-09-24,23,30.0,59
1520,2025-09-24,2,36.0,59
1521,2025-09-24,17,35.6,59
1522,2025-09-24,1,40.0,59
1523,2025-09-24,21,38.0,59
1524,2025-09-24,15,44.8,59
1525,2025-09-24,6,34.8,59
1526,2025-09-24,1,40.0,59
1527,2025-09-24,11,24.0,59
1528,2025-09-24,10,39.2,59
1529,2025-09-24,9,39.6,59
1530,2025-09-24,8,33.2,59
1531,2025-09-24,5,33.2,59
1532,2025-09-24,13,35.2,59
1533,2025-09-24,4,33.2,59
1534,2025-09-24,3,36.8,59
1535,2025-09-24,2,36.0,59
1536,2025-09-24,14,42.4,59
1537,2025-09-24,12,11.2,59
1538,2025-09-24,25,30.8,59
1539,2025-09-24,7,40.0,59
1540,2025-09-24,28,29.2,59
1541,2025-09-24,26,18.4,59
1542,2025-09-24,13,35.2,59
1543,2025-09-24,28,29.2,59
1544,2025-09-24,11,24.0,59
1545,2025-09-24,4,33.2,59
1546,2025-09-24,9,39.6,59
1547,2025-09-24,5,33.2,59
1548,2025-09-24,10,39.2,59
1549,2025-09-24,6,34.8,59
1550,2025-09-24,12,11.2,59
1551,2025-09-24,3,36.8,59
1552,2025-09-24,8,33.2,59
1553,2025-09-24,7,40.0,59
1554,2025-09-24,14,42.4,59
1555,2025-09-24,27,37.2,59
1556,2025-09-24,22,32.4,59
1557,2025-09-24,16,39.6,59
1558,2025-09-24,17,35.6,59
1559,2025-09-24,18,38.0,59
1560,2025-09-24,19,38.8,59
1561,2025-09-24,20,40.8,59
1562,2025-09-24,15,44.8,59
1563,2025-09-24,23,30.0,59
1564,2025-09-24,25,30.8,59
1565,2025-09-24,26,18.4,59
1566,2025-09-24,27,37.2,59
1567,2025-09-24,24,36.0,59
1568,2025-09-25,13,34.4,60
1569,2025-09-25,10,38.0,60
1570,2025-09-25,9,40.8,60
1571,2025-09-25,6,43.6,60
1572,2025-09-25,5,36.0,60
1573,2025-09-25,28,32.0,60
1574,2025-09-25,11,24.8,60
1575,2025-09-25,3,36.8,60
1576,2025-09-25,4,35.6,60
1577,2025-09-25,14,43.2,60
1578,2025-09-25,2,36.0,60
1579,2025-09-25,12,11.2,60
1580,2025-09-25,7,40.4,60
1581,2025-09-25,21,37.6,60
1582,2025-09-25,20,44.0,60
1583,2025-09-25,1,40.4,60
1584,2025-09-25,17,42.4,60
1585,2025-09-25,27,38.4,60
1586,2025-09-25,19,42.0,60
1587,2025-09-25,24,37.6,60
1588,2025-09-25,18,40.0,60
1589,2025-09-25,22,34.8,60
1590,2025-09-25,23,32.0,60
1591,2025-09-25,28,32.0,60
1592,2025-09-25,14,43.2,60
1593,2025-09-25,8,36.4,60
1594,2025-09-25,15,49.2,60
1595,2025-09-25,16,40.8,60
1596,2025-09-25,15,49.2,60
1597,2025-09-25,8,36.4,60
1598,2025-09-25,20,44.0,60
1599,2025-09-25,17,42.4,60
1600,2025-09-25,18,40.0,60
1601,2025-09-25,1,40.4,60
1602,2025-09-25,27,38.4,60
1603,2025-09-25,13,34.4,60
1604,2025-09-25,19,42.0,60
1605,2025-09-25,21,37.6,60
1606,2025-09-25,24,37.6,60
1607,2025-09-25,25,34.8,60
1608,2025-09-25,26,18.4,60
1609,2025-09-25,23,32.0,60
1610,2025-09-25,22,34.8,60
1611,2025-09-25,16,40.8,60
1612,2025-09-25,25,34.8,60
1613,2025-09-25,12,11.2,60
1614,2025-09-25,11,24.8,60
1615,2025-09-25,4,35.6,60
1616,2025-09-25,9,40.8,60
1617,2025-09-25,2,36.0,60
1618,2025-09-25,10,38.0,60
1619,2025-09-25,5,36.0,60
1620,2025-09-25,7,40.4,60
1621,2025-09-25,3,36.8,60
1622,2025-09-25,26,18.4,60
1623,2025-09-25,6,43.6,60
1624,2025-09-26,2,36.0,61
1625,2025-09-26,24,32.4,61
1626,2025-09-26,3,35.6,61
1627,2025-09-26,4,32.4,61
1628,2025-09-26,15,43.2,61
1629,2025-09-26,5,35.2,61
1630,2025-09-26,21,34.4,61
1631,2025-09-26,9,36.0,61
1632,2025-09-26,10,34.0,61
1633,2025-09-26,26,16.4,61
1634,2025-09-26,17,37.6,61
1635,2025-09-26,13,32.0,61
1636,2025-09-26,18,38.0,61
1637,2025-09-26,25,30.0,61
1638,2025-09-26,14,38.8,61
1639,2025-09-26,20,37.6,61
1640,2025-09-26,1,38.8,61
1641,2025-09-26,16,36.8,61
1642,2025-09-26,8,33.2,61
1643,2025-09-26,19,37.6,61
1644,2025-09-26,6,37.6,61
1645,2025-09-26,22,30.4,61
1646,2025-09-26,11,22.8,61
1647,2025-09-26,23,29.2,61
1648,2025-09-26,28,32.4,61
1649,2025-09-26,12,12.4,61
1650,2025-09-26,27,33.6,61
1651,2025-09-26,7,36.8,61
1652,2025-09-26,28,32.4,61
1653,2025-09-26,10,34.0,61
1654,2025-09-26,8,33.2,61
1655,2025-09-26,23,29.2,61
1656,2025-09-26,20,37.6,61
1657,2025-09-26,26,16.4,61
1658,2025-09-26,19,37.6,61
1659,2025-09-26,6,37.6,61
1660,2025-09-26,15,43.2,61
1661,2025-09-26,14,38.8,61
1662,2025-09-26,22,30.4,61
1663,2025-09-26,2,36.0,61
1664,2025-09-26,11,22.8,61
1665,2025-09-26,3,35.6,61
1666,2025-09-26,17,37.6,61
1667,2025-09-26,24,32.4,61
1668,2025-09-26,9,36.0,61
1669,2025-09-26,12,12.4,61
1670,2025-09-26,21,34.4,61
1671,2025-09-26,7,36.8,61
1672,2025-09-26,5,35.2,61
1673,2025-09-26,13,32.0,61
1674,2025-09-26,4,32.4,61
1675,2025-09-26,16,36.8,61
1676,2025-09-26,1,38.8,61
1677,2025-09-26,27,33.6,61
1678,2025-09-26,25,30.0,61
1679,2025-09-26,18,38.0,61
1680,2025-09-27,21,35.2,62
1681,2025-09-27,23,30.0,62
1682,2025-09-27,18,42.0,62
1683,2025-09-27,19,40.0,62
1684,2025-09-27,4,36.0,62
1685,2025-09-27,25,32.4,62
1686,2025-09-27,24,33.2,62
1687,2025-09-27,22,33.6,62
1688,2025-09-27,2,37.2,62
1689,2025-09-27,26,20.0,62
1690,2025-09-27,3,38.8,62
1691,2025-09-27,17,41.2,62
1692,2025-09-27,16,42.4,62
1693,2025-09-27,8,35.2,62
1694,2025-09-27,7,38.8,62
1695,2025-09-27,13,33.2,62
1696,2025-09-27,15,46.0,62
1697,2025-09-27,6,37.6,62
1698,2025-09-27,5,36.4,62
1699,2025-09-27,27,33.6,62
1700,2025-09-27,25,32.4,62
1701,2025-09-27,14,43.2,62
1702,2025-09-27,9,38.8,62
1703,2025-09-27,10,33.2,62
1704,2025-09-27,11,28.0,62
1705,2025-09-27,20,40.4,62
1706,2025-09-27,12,14.8,62
1707,2025-09-27,1,42.4,62
1708,2025-09-27,2,37.2,62
1709,2025-09-27,5,36.4,62
1710,2025-09-27,10,33.2,62
1711,2025-09-27,14,43.2,62
1712,2025-09-27,12,14.8,62
1713,2025-09-27,7,38.8,62
1714,2025-09-27,9,38.8,62
1715,2025-09-27,8,35.2,62
1716,2025-09-27,1,42.4,62
1717,2025-09-27,6,37.6,62
1718,2025-09-27,4,36.0,62
1719,2025-09-27,15,46.0,62
1720,2025-09-27,11,28.0,62
1721,2025-09-27,16,42.4,62
1722,2025-09-27,23,30.0,62
1723,2025-09-27,19,40.0,62
1724,2025-09-27,17,41.2,62
1725,2025-09-27,18,42.0,62
1726,2025-09-27,27,33.6,62
1727,2025-09-27,28,32.4,62
1728,2025-09-27,22,33.6,62
1729,2025-09-27,13,33.2,62
1730,2025-09-27,28,32.4,62
1731,2025-09-27,3,38.8,62
1732,2025-09-27,26,20.0,62
1733,2025-09-27,21,35.2,62
1734,2025-09-27,20,40.4,62
1735,2025-09-27,24,33.2,62
1736,2025-09-28,10,36.4,63
1737,2025-09-28,2,39.6,63
1738,2025-09-28,22,34.4,63
1739,2025-09-28,20,42.4,63
1740,2025-09-28,19,39.6,63
1741,2025-09-28,16,43.6,63
1742,2025-09-28,4,38.0,63
1743,2025-09-28,14,45.2,63
1744,2025-09-28,13,35.2,63
1745,2025-09-28,12,15.2,63
1746,2025-09-28,7,42.4,63
1747,2025-09-28,28,34.4,63
1748,2025-09-28,6,42.0,63
1749,2025-09-28,3,38.4,63
1750,2025-09-28,9,40.0,63
1751,2025-09-28,24,36.0,63
1752,2025-09-28,15,47.6,63
1753,2025-09-28,8,35.6,63
1754,2025-09-28,17,42.4,63
1755,2025-09-28,1,41.6,63
1756,2025-09-28,25,34.0,63
1757,2025-09-28,23,28.8,63
1758,2025-09-28,21,38.0,63
1759,2025-09-28,11,26.4,63
1760,2025-09-28,18,42.8,63
1761,2025-09-28,28,34.4,63
1762,2025-09-28,26,18.8,63
1763,2025-09-28,5,37.6,63
1764,2025-09-28,27,36.8,63
1765,2025-09-28,7,42.4,63
1766,2025-09-28,18,42.8,63
1767,2025-09-28,3,38.4,63
1768,2025-09-28,6,42.0,63
1769,2025-09-28,25,34.0,63
1770,2025-09-28,9,40.0,63
1771,2025-09-28,21,38.0,63
1772,2025-09-28,11,26.4,63
1773,2025-09-28,27,36.8,63
1774,2025-09-28,17,42.4,63
1775,2025-09-28,24,36.0,63
1776,2025-09-28,4,38.0,63
1777,2025-09-28,23,28.8,63
1778,2025-09-28,15,47.6,63
1779,2025-09-28,26,18.8,63
1780,2025-09-28,19,39.6,63
1781,2025-09-28,14,45.2,63
1782,2025-09-28,13,35.2,63
1783,2025-09-28,20,42.4,63
1784,2025-09-28,22,34.4,63
1785,2025-09-28,5,37.6,63
1786,2025-09-28,12,15.2,63
1787,2025-09-28,8,35.6,63
1788,2025-09-28,2,39.6,63
1789,2025-09-28,10,36.4,63
1790,2025-09-28,1,41.6,63
1791,2025-09-28,16,43.6,63
1792,2025-09-29,6,34.4,64
1793,2025-09-29,14,44.4,64
1794,2025-09-29,8,30.0,64
1795,2025-09-29,11,26.4,64
1796,2025-09-29,16,42.4,64
1797,2025-09-29,28,34.4,64
1798,2025-09-29,10,34.4,64
1799,2025-09-29,4,35.6,64
1800,2025-09-29,3,39.6,64
1801,2025-09-29,7,30.4,64
1802,2025-09-29,14,44.4,64
1803,2025-09-29,13,24.4,64
1804,2025-09-29,8,30.0,64
1805,2025-09-29,26,20.0,64
1806,2025-09-29,27,27.6,64
1807,2025-09-29,17,41.2,64
1808,2025-09-29,10,34.4,64
1809,2025-09-29,15,46.8,64
1810,2025-09-29,6,34.4,64
1811,2025-09-29,12,12.8,64
1812,2025-09-29,12,12.8,64
1813,2025-09-29,11,26.4,64
1814,2025-09-29,2,39.6,64
1815,2025-09-29,9,37.2,64
1816,2025-09-29,7,30.4,64
1817,2025-09-29,13,24.4,64
1818,2025-09-29,5,32.4,64
1819,2025-09-29,9,37.2,64
1820,2025-09-29,25,33.2,64
1821,2025-09-29,19,33.6,64
1822,2025-09-29,25,33.2,64
1823,2025-09-29,5,32.4,64
1824,2025-09-29,18,42.4,64
1825,2025-09-29,22,34.4,64
1826,2025-09-29,16,42.4,64
1827,2025-09-29,28,34.4,64
1828,2025-09-29,18,42.4,64
1829,2025-09-29,19,33.6,64
1830,2025-09-29,1,42.8,64
1831,2025-09-29,23,28.8,64
1832,2025-09-29,21,26.4,64
1833,2025-09-29,24,35.6,64
1834,2025-09-29,2,39.6,64
1835,2025-09-29,23,28.8,64
1836,2025-09-29,15,46.8,64
1837,2025-09-29,22,34.4,64
1838,2025-09-29,3,39.6,64
1839,2025-09-29,26,20.0,64
1840,2025-09-29,27,27.6,64
1841,2025-09-29,20,29.6,64
1842,2025-09-29,4,35.6,64
1843,2025-09-29,17,41.2,64
1844,2025-09-29,24,35.6,64
1845,2025-09-29,1,42.8,64
1846,2025-09-29,20,29.6,64
1847,2025-09-29,21,26.4,64
1848,2025-09-30,3,32.4,65
1849,2025-09-30,23,25.6,65
1850,2025-09-30,9,28.4,65
1851,2025-09-30,25,31.2,65
1852,2025-09-30,21,13.6,65
1853,2025-09-30,1,36.8,65
1854,2025-09-30,5,36.8,65
1855,2025-09-30,17,36.0,65
1856,2025-09-30,7,26.4,65
1857,2025-09-30,15,36.8,65
1858,2025-09-30,2,34.8,65
1859,2025-09-30,19,36.4,65
1860,2025-09-30,16,37.6,65
1861,2025-09-30,26,19.2,65
1862,2025-09-30,27,0.0,65
1863,2025-09-30,13,0.0,65
1864,2025-09-30,18,32.8,65
1865,2025-09-30,20,29.6,65
1866,2025-09-30,11,24.0,65
1867,2025-09-30,8,29.6,65
1868,2025-09-30,14,35.2,65
1869,2025-09-30,28,32.8,65
1870,2025-09-30,24,30.0,65
1871,2025-09-30,26,19.2,65
1872,2025-09-30,12,6.8,65
1873,2025-09-30,10,29.2,65
1874,2025-09-30,22,29.2,65
1875,2025-09-30,6,31.6,65
1876,2025-09-30,21,13.6,65
1877,2025-09-30,16,37.6,65
1878,2025-09-30,12,6.8,65
1879,2025-09-30,18,32.8,65
1880,2025-09-30,5,36.8,65
1881,2025-09-30,24,30.0,65
1882,2025-09-30,3,32.4,65
1883,2025-09-30,25,31.2,65
1884,2025-09-30,17,36.0,65
1885,2025-09-30,10,29.2,65
1886,2025-09-30,22,29.2,65
1887,2025-09-30,15,36.8,65
1888,2025-09-30,14,35.2,65
1889,2025-09-30,8,29.6,65
1890,2025-09-30,23,25.6,65
1891,2025-09-30,1,36.8,65
1892,2025-09-30,27,0.0,65
1893,2025-09-30,2,34.8,65
1894,2025-09-30,4,30.8,65
1895,2025-09-30,7,26.4,65
1896,2025-09-30,20,29.6,65
1897,2025-09-30,13,0.0,65
1898,2025-09-30,4,30.8,65
1899,2025-09-30,6,31.6,65
1900,2025-09-30,9,28.4,65
1901,2025-09-30,11,24.0,65
1902,2025-09-30,19,36.4,65
1903,2025-09-30,28,32.8,65
1904,2025-10-01,3,30.4,66
1905,2025-10-01,25,30.0,66
1906,2025-10-01,11,24.0,66
1907,2025-10-01,10,26.8,66
1908,2025-10-01,4,32.4,66
1909,2025-10-01,8,29.2,66
1910,2025-10-01,7,27.2,66
1911,2025-10-01,6,32.0,66
1912,2025-10-01,5,34.4,66
1913,2025-10-01,14,34.0,66
1914,2025-10-01,9,27.6,66
1915,2025-10-01,12,6.4,66
1916,2025-10-01,13,0.0,66
1917,2025-10-01,24,29.2,66
1918,2025-10-01,15,36.0,66
1919,2025-10-01,17,34.4,66
1920,2025-10-01,28,32.0,66
1921,2025-10-01,21,11.6,66
1922,2025-10-01,26,18.8,66
1923,2025-10-01,23,25.6,66
1924,2025-10-01,22,29.6,66
1925,2025-10-01,27,0.0,66
1926,2025-10-01,20,28.0,66
1927,2025-10-01,19,35.2,66
1928,2025-10-01,2,35.6,66
1929,2025-10-01,16,35.2,66
1930,2025-10-01,2,35.6,66
1931,2025-10-01,18,32.8,66
1932,2025-10-01,28,32.0,66
1933,2025-10-01,14,34.0,66
1934,2025-10-01,11,24.0,66
1935,2025-10-01,10,26.8,66
1936,2025-10-01,9,27.6,66
1937,2025-10-01,3,30.4,66
1938,2025-10-01,7,27.2,66
1939,2025-10-01,6,32.0,66
1940,2025-10-01,5,34.4,66
1941,2025-10-01,4,32.4,66
1942,2025-10-01,13,0.0,66
1943,2025-10-01,12,6.4,66
1944,2025-10-01,21,11.6,66
1945,2025-10-01,27,0.0,66
1946,2025-10-01,8,29.2,66
1947,2025-10-01,1,34.4,66
1948,2025-10-01,22,29.6,66
1949,2025-10-01,15,36.0,66
1950,2025-10-01,1,34.4,66
1951,2025-10-01,16,35.2,66
1952,2025-10-01,24,29.2,66
1953,2025-10-01,17,34.4,66
1954,2025-10-01,20,28.0,66
1955,2025-10-01,23,25.6,66
1956,2025-10-01,18,32.8,66
1957,2025-10-01,25,30.0,66
1958,2025-10-01,26,18.8,66
1959,2025-10-01,19,35.2,66
1960,2025-10-02,15,41.2,67
1961,2025-10-02,23,28.8,67
1962,2025-10-02,20,30.0,67
1963,2025-10-02,26,22.4,67
1964,2025-10-02,19,36.4,67
1965,2025-10-02,25,32.8,67
1966,2025-10-02,22,30.8,67
1967,2025-10-02,21,12.8,67
1968,2025-10-02,27,0.0,67
1969,2025-10-02,17,37.2,67
1970,2025-10-02,2,37.6,67
1971,2025-10-02,18,33.2,67
1972,2025-10-02,28,36.0,67
1973,2025-10-02,14,35.2,67
1974,2025-10-02,16,36.4,67
1975,2025-10-02,11,28.4,67
1976,2025-10-02,9,30.8,67
1977,2025-10-02,1,35.6,67
1978,2025-10-02,3,34.0,67
1979,2025-10-02,12,6.8,67
1980,2025-10-02,7,30.4,67
1981,2025-10-02,8,30.0,67
1982,2025-10-02,24,30.8,67
1983,2025-10-02,6,30.8,67
1984,2025-10-02,5,34.4,67
1985,2025-10-02,4,30.8,67
1986,2025-10-02,13,0.0,67
1987,2025-10-02,10,29.6,67
1988,2025-10-02,8,30.0,67
1989,2025-10-02,10,29.6,67
1990,2025-10-02,27,0.0,67
1991,2025-10-02,24,30.8,67
1992,2025-10-02,16,36.4,67
1993,2025-10-02,18,33.2,67
1994,2025-10-02,21,12.8,67
1995,2025-10-02,19,36.4,67
1996,2025-10-02,20,30.0,67
1997,2025-10-02,22,30.8,67
1998,2025-10-02,28,36.0,67
1999,2025-10-02,23,28.8,67
2000,2025-10-02,25,32.8,67
2001,2025-10-02,17,37.2,67
2002,2025-10-02,26,22.4,67
2003,2025-10-02,13,0.0,67
2004,2025-10-02,11,28.4,67
2005,2025-10-02,2,37.6,67
2006,2025-10-02,15,41.2,67
2007,2025-10-02,3,34.0,67
2008,2025-10-02,14,35.2,67
2009,2025-10-02,4,30.8,67
2010,2025-10-02,1,35.6,67
2011,2025-10-02,7,30.4,67
2012,2025-10-02,12,6.8,67
2013,2025-10-02,5,34.4,67
2014,2025-10-02,6,30.8,67
2015,2025-10-02,9,30.8,67
2016,2025-10-03,13,0.0,68
2017,2025-10-03,2,35.2,68
2018,2025-10-03,3,30.0,68
2019,2025-10-03,4,34.4,68
2020,2025-10-03,12,6.8,68
2021,2025-10-03,10,27.2,68
2022,2025-10-03,1,34.4,68
2023,2025-10-03,9,28.4,68
2024,2025-10-03,8,36.0,68
2025,2025-10-03,7,28.8,68
2026,2025-10-03,11,26.4,68
2027,2025-10-03,6,33.2,68
2028,2025-10-03,28,33.2,68
2029,2025-10-03,14,36.8,68
2030,2025-10-03,27,0.0,68
2031,2025-10-03,3,30.0,68
2032,2025-10-03,15,38.4,68
2033,2025-10-03,11,26.4,68
2034,2025-10-03,4,34.4,68
2035,2025-10-03,8,36.0,68
2036,2025-10-03,2,35.2,68
2037,2025-10-03,7,28.8,68
2038,2025-10-03,13,0.0,68
2039,2025-10-03,9,28.4,68
2040,2025-10-03,10,27.2,68
2041,2025-10-03,12,6.8,68
2042,2025-10-03,5,35.6,68
2043,2025-10-03,5,35.6,68
2044,2025-10-03,1,34.4,68
2045,2025-10-03,22,32.8,68
2046,2025-10-03,25,30.4,68
2047,2025-10-03,24,30.8,68
2048,2025-10-03,23,27.2,68
2049,2025-10-03,15,38.4,68
2050,2025-10-03,18,37.6,68
2051,2025-10-03,26,20.4,68
2052,2025-10-03,22,32.8,68
2053,2025-10-03,19,37.6,68
2054,2025-10-03,17,36.0,68
2055,2025-10-03,16,32.4,68
2056,2025-10-03,21,13.2,68
2057,2025-10-03,20,30.8,68
2058,2025-10-03,14,36.8,68
2059,2025-10-03,6,33.2,68
2060,2025-10-03,18,37.6,68
2061,2025-10-03,20,30.8,68
2062,2025-10-03,21,13.2,68
2063,2025-10-03,28,33.2,68
2064,2025-10-03,24,30.8,68
2065,2025-10-03,16,32.4,68
2066,2025-10-03,23,27.2,68
2067,2025-10-03,17,36.0,68
2068,2025-10-03,25,30.4,68
2069,2025-10-03,19,37.6,68
2070,2025-10-03,27,0.0,68
2071,2025-10-03,26,20.4,68
2072,2025-10-04,14,38.0,69
2073,2025-10-04,19,37.6,69
2074,2025-10-04,10,29.2,69
2075,2025-10-04,6,34.4,69
2076,2025-10-04,8,36.8,69
2077,2025-10-04,25,31.2,69
2078,2025-10-04,23,28.4,69
2079,2025-10-04,1,34.4,69
2080,2025-10-04,11,28.4,69
2081,2025-10-04,24,31.6,69
2082,2025-10-04,18,37.2,69
2083,2025-10-04,15,39.6,69
2084,2025-10-04,19,37.6,69
2085,2025-10-04,27,0.8,69
2086,2025-10-04,20,30.8,69
2087,2025-10-04,20,30.8,69
2088,2025-10-04,22,33.2,69
2089,2025-10-04,21,14.4,69
2090,2025-10-04,13,0.0,69
2091,2025-10-04,17,36.8,69
2092,2025-10-04,16,34.4,69
2093,2025-10-04,9,30.0,69
2094,2025-10-04,7,31.2,69
2095,2025-10-04,2,34.0,69
2096,2025-10-04,26,21.2,69
2097,2025-10-04,5,36.8,69
2098,2025-10-04,12,8.0,69
2099,2025-10-04,18,37.2,69
2100,2025-10-04,4,33.6,69
2101,2025-10-04,14,38.0,69
2102,2025-10-04,12,8.0,69
2103,2025-10-04,28,35.6,69
2104,2025-10-04,21,14.4,69
2105,2025-10-04,3,30.0,69
2106,2025-10-04,17,36.8,69
2107,2025-10-04,15,39.6,69
2108,2025-10-04,2,34.0,69
2109,2025-10-04,23,28.4,69
2110,2025-10-04,8,36.8,69
2111,2025-10-04,25,31.2,69
2112,2025-10-04,5,36.8,69
2113,2025-10-04,26,21.2,69
2114,2025-10-04,10,29.2,69
2115,2025-10-04,24,31.6,69
2116,2025-10-04,13,0.0,69
2117,2025-10-04,11,28.4,69
2118,2025-10-04,16,34.4,69
2119,2025-10-04,3,30.0,69
2120,2025-10-04,27,0.8,69
2121,2025-10-04,4,33.6,69
2122,2025-10-04,7,31.2,69
2123,2025-10-04,22,33.2,69
2124,2025-10-04,1,34.4,69
2125,2025-10-04,9,30.0,69
2126,2025-10-04,28,35.6,69
2127,2025-10-04,6,34.4,69
2128,2025-10-05,26,18.8,70
2129,2025-10-05,11,28.8,70
2130,2025-10-05,10,30.4,70
2131,2025-10-05,9,29.6,70
2132,2025-10-05,7,31.6,70
2133,2025-10-05,6,34.4,70
2134,2025-10-05,12,7.6,70
2135,2025-10-05,8,33.2,70
2136,2025-10-05,5,37.6,70
2137,2025-10-05,4,31.6,70
2138,2025-10-05,3,29.6,70
2139,2025-10-05,2,33.2,70
2140,2025-10-05,13,0.0,70
2141,2025-10-05,15,39.6,70
2142,2025-10-05,16,32.4,70
2143,2025-10-05,17,37.2,70
2144,2025-10-05,18,34.0,70
2145,2025-10-05,19,36.0,70
2146,2025-10-05,20,30.4,70
2147,2025-10-05,21,15.6,70
2148,2025-10-05,1,34.8,70
2149,2025-10-05,23,29.6,70
2150,2025-10-05,24,32.0,70
2151,2025-10-05,25,32.0,70
2152,2025-10-05,1,34.8,70
2153,2025-10-05,14,36.4,70
2154,2025-10-05,22,32.8,70
2155,2025-10-05,2,33.2,70
2156,2025-10-05,28,32.0,70
2157,2025-10-05,13,0.0,70
2158,2025-10-05,17,37.2,70
2159,2025-10-05,18,34.0,70
2160,2025-10-05,19,36.0,70
2161,2025-10-05,21,15.6,70
2162,2025-10-05,22,32.8,70
2163,2025-10-05,16,32.4,70
2164,2025-10-05,20,30.4,70
2165,2025-10-05,23,29.6,70
2166,2025-10-05,24,32.0,70
2167,2025-10-05,25,32.0,70
2168,2025-10-05,26,18.8,70
2169,2025-10-05,15,39.6,70
2170,2025-10-05,14,36.4,70
2171,2025-10-05,12,7.6,70
2172,2025-10-05,11,28.8,70
2173,2025-10-05,10,30.4,70
2174,2025-10-05,9,29.6,70
2175,2025-10-05,8,33.2,70
2176,2025-10-05,7,31.6,70
2177,2025-10-05,6,34.4,70
2178,2025-10-05,5,37.6,70
2179,2025-10-05,4,31.6,70
2180,2025-10-05,3,29.6,70
2181,2025-10-05,27,4.0,70
2182,2025-10-05,28,32.0,70
2183,2025-10-05,27,4.0,70
2184,2025-10-06,21,14.0,71
2185,2025-10-06,12,8.0,71
2186,2025-10-06,18,31.2,71
2187,2025-10-06,27,2.0,71
2188,2025-10-06,1,30.8,71
2189,2025-10-06,9,27.6,71
2190,2025-10-06,10,28.8,71
2191,2025-10-06,17,34.4,71
2192,2025-10-06,5,33.2,71
2193,2025-10-06,1,30.8,71
2194,2025-10-06,2,30.8,71
2195,2025-10-06,16,30.8,71
2196,2025-10-06,23,27.6,71
2197,2025-10-06,8,30.0,71
2198,2025-10-06,6,31.2,71
2199,2025-10-06,11,26.0,71
2200,2025-10-06,26,18.0,71
2201,2025-10-06,15,36.8,71
2202,2025-10-06,19,32.4,71
2203,2025-10-06,22,30.4,71
2204,2025-10-06,25,26.8,71
2205,2025-10-06,4,30.0,71
2206,2025-10-06,15,36.8,71
2207,2025-10-06,20,27.2,71
2208,2025-10-06,7,29.6,71
2209,2025-10-06,13,0.0,71
2210,2025-10-06,3,26.4,71
2211,2025-10-06,24,28.4,71
2212,2025-10-06,28,28.8,71
2213,2025-10-06,24,28.4,71
2214,2025-10-06,23,27.6,71
2215,2025-10-06,25,26.8,71
2216,2025-10-06,16,30.8,71
2217,2025-10-06,8,30.0,71
2218,2025-10-06,21,14.0,71
2219,2025-10-06,20,27.2,71
2220,2025-10-06,10,28.8,71
2221,2025-10-06,11,26.0,71
2222,2025-10-06,7,29.6,71
2223,2025-10-06,12,8.0,71
2224,2025-10-06,3,26.4,71
2225,2025-10-06,26,18.0,71
2226,2025-10-06,9,27.6,71
2227,2025-10-06,18,31.2,71
2228,2025-10-06,19,32.4,71
2229,2025-10-06,17,34.4,71
2230,2025-10-06,22,30.4,71
2231,2025-10-06,28,28.8,71
2232,2025-10-06,14,33.2,71
2233,2025-10-06,13,0.0,71
2234,2025-10-06,6,31.2,71
2235,2025-10-06,2,30.8,71
2236,2025-10-06,14,33.2,71
2237,2025-10-06,27,2.0,71
2238,2025-10-06,4,30.0,71
2239,2025-10-06,5,33.2,71
2240,2025-10-07,28,29.2,72
2241,2025-10-07,21,13.2,72
2242,2025-10-07,17,34.4,72
2243,2025-10-07,25,31.6,72
2244,2025-10-07,20,28.0,72
2245,2025-10-07,22,29.6,72
2246,2025-10-07,18,33.2,72
2247,2025-10-07,23,27.2,72
2248,2025-10-07,24,29.2,72
2249,2025-10-07,16,30.8,72
2250,2025-10-07,15,35.6,72
2251,2025-10-07,26,20.4,72
2252,2025-10-07,27,4.8,72
2253,2025-10-07,19,33.2,72
2254,2025-10-07,3,28.4,72
2255,2025-10-07,11,26.4,72
2256,2025-10-07,10,28.0,72
2257,2025-10-07,9,27.6,72
2258,2025-10-07,8,32.0,72
2259,2025-10-07,7,30.4,72
2260,2025-10-07,13,0.0,72
2261,2025-10-07,5,32.4,72
2262,2025-10-07,2,32.0,72
2263,2025-10-07,1,31.6,72
2264,2025-10-07,14,34.4,72
2265,2025-10-07,4,31.2,72
2266,2025-10-07,12,7.2,72
2267,2025-10-07,28,29.2,72
2268,2025-10-07,20,28.0,72
2269,2025-10-07,4,31.2,72
2270,2025-10-07,9,27.6,72
2271,2025-10-07,14,34.4,72
2272,2025-10-07,11,26.4,72
2273,2025-10-07,3,28.4,72
2274,2025-10-07,7,30.4,72
2275,2025-10-07,5,32.4,72
2276,2025-10-07,10,28.0,72
2277,2025-10-07,6,29.2,72
2278,2025-10-07,13,0.0,72
2279,2025-10-07,2,32.0,72
2280,2025-10-07,1,31.6,72
2281,2025-10-07,6,29.2,72
2282,2025-10-07,12,7.2,72
2283,2025-10-07,27,4.8,72
2284,2025-10-07,16,30.8,72
2285,2025-10-07,25,31.6,72
2286,2025-10-07,24,29.2,72
2287,2025-10-07,22,29.6,72
2288,2025-10-07,23,27.2,72
2289,2025-10-07,18,33.2,72
2290,2025-10-07,26,20.4,72
2291,2025-10-07,17,34.4,72
2292,2025-10-07,21,13.2,72
2293,2025-10-07,8,32.0,72
2294,2025-10-07,15,35.6,72
2295,2025-10-07,19,33.2,72
2296,2025-10-08,14,39.2,73
2297,2025-10-08,2,29.2,73
2298,2025-10-08,2,29.2,73
2299,2025-10-08,4,30.0,73
2300,2025-10-08,4,30.0,73
2301,2025-10-08,8,36.4,73
2302,2025-10-08,3,26.4,73
2303,2025-10-08,7,30.4,73
2304,2025-10-08,6,29.6,73
2305,2025-10-08,9,29.2,73
2306,2025-10-08,10,28.8,73
2307,2025-10-08,12,8.8,73
2308,2025-10-08,3,26.4,73
2309,2025-10-08,17,35.6,73
2310,2025-10-08,19,34.4,73
2311,2025-10-08,1,29.6,73
2312,2025-10-08,15,36.0,73
2313,2025-10-08,20,30.0,73
2314,2025-10-08,21,12.8,73
2315,2025-10-08,5,35.2,73
2316,2025-10-08,22,33.2,73
2317,2025-10-08,18,32.0,73
2318,2025-10-08,14,39.2,73
2319,2025-10-08,16,34.8,73
2320,2025-10-08,15,36.0,73
2321,2025-10-08,13,0.0,73
2322,2025-10-08,23,29.6,73
2323,2025-10-08,11,28.4,73
2324,2025-10-08,12,8.8,73
2325,2025-10-08,20,30.0,73
2326,2025-10-08,26,22.8,73
2327,2025-10-08,25,33.2,73
2328,2025-10-08,24,33.6,73
2329,2025-10-08,13,0.0,73
2330,2025-10-08,6,29.6,73
2331,2025-10-08,1,29.6,73
2332,2025-10-08,9,29.2,73
2333,2025-10-08,5,35.2,73
2334,2025-10-08,7,30.4,73
2335,2025-10-08,8,36.4,73
2336,2025-10-08,17,35.6,73
2337,2025-10-08,11,28.4,73
2338,2025-10-08,18,32.0,73
2339,2025-10-08,28,32.4,73
2340,2025-10-08,19,34.4,73
2341,2025-10-08,21,12.8,73
2342,2025-10-08,22,33.2,73
2343,2025-10-08,25,33.2,73
2344,2025-10-08,16,34.8,73
2345,2025-10-08,10,28.8,73
2346,2025-10-08,23,29.6,73
2347,2025-10-08,27,4.0,73
2348,2025-10-08,26,22.8,73
2349,2025-10-08,27,4.0,73
2350,2025-10-08,24,33.6,73
2351,2025-10-08,28,32.4,73
2352,2025-10-09,5,38.8,74
2353,2025-10-09,2,33.6,74
2354,2025-10-09,21,15.6,74
2355,2025-10-09,23,34.4,74
2356,2025-10-09,6,32.8,74
2357,2025-10-09,25,35.6,74
2358,2025-10-09,4,33.2,74
2359,2025-10-09,28,33.2,74
2360,2025-10-09,22,36.4,74
2361,2025-10-09,12,10.0,74
2362,2025-10-09,10,34.0,74
2363,2025-10-09,18,34.8,74
2364,2025-10-09,9,33.6,74
2365,2025-10-09,1,33.2,74
2366,2025-10-09,13,0.0,74
2367,2025-10-09,19,34.8,74
2368,2025-10-09,15,38.0,74
2369,2025-10-09,11,31.2,74
2370,2025-10-09,20,33.2,74
2371,2025-10-09,7,32.0,74
2372,2025-10-09,24,34.8,74
2373,2025-10-09,16,40.0,74
2374,2025-10-09,17,37.2,74
2375,2025-10-09,3,28.8,74
2376,2025-10-09,26,24.4,74
2377,2025-10-09,14,38.4,74
2378,2025-10-09,8,34.8,74
2379,2025-10-09,27,2.0,74
2380,2025-10-09,14,38.4,74
2381,2025-10-09,10,34.0,74
2382,2025-10-09,7,32.0,74
2383,2025-10-09,25,35.6,74
2384,2025-10-09,22,36.4,74
2385,2025-10-09,28,33.2,74
2386,2025-10-09,19,34.8,74
2387,2025-10-09,4,33.2,74
2388,2025-10-09,17,37.2,74
2389,2025-10-09,16,40.0,74
2390,2025-10-09,11,31.2,74
2391,2025-10-09,12,10.0,74
2392,2025-10-09,21,15.6,74
2393,2025-10-09,2,33.6,74
2394,2025-10-09,13,0.0,74
2395,2025-10-09,9,33.6,74
2396,2025-10-09,8,34.8,74
2397,2025-10-09,27,2.0,74
2398,2025-10-09,5,38.8,74
2399,2025-10-09,6,32.8,74
2400,2025-10-09,3,28.8,74
2401,2025-10-09,15,38.0,74
2402,2025-10-09,26,24.4,74
2403,2025-10-09,23,34.4,74
2404,2025-10-09,1,33.2,74
2405,2025-10-09,18,34.8,74
2406,2025-10-09,24,34.8,74
2407,2025-10-09,20,33.2,74
2408,2025-10-10,2,36.0,75
2409,2025-10-10,21,17.2,75
2410,2025-10-10,23,36.0,75
2411,2025-10-10,18,38.4,75
2412,2025-10-10,25,40.0,75
2413,2025-10-10,19,35.6,75
2414,2025-10-10,20,37.6,75
2415,2025-10-10,26,25.6,75
2416,2025-10-10,17,39.6,75
2417,2025-10-10,27,6.0,75
2418,2025-10-10,22,39.2,75
2419,2025-10-10,24,38.8,75
2420,2025-10-10,16,38.8,75
2421,2025-10-10,13,6.0,75
2422,2025-10-10,1,34.4,75
2423,2025-10-10,10,37.2,75
2424,2025-10-10,3,33.2,75
2425,2025-10-10,9,36.8,75
2426,2025-10-10,7,36.8,75
2427,2025-10-10,11,33.2,75
2428,2025-10-10,6,35.6,75
2429,2025-10-10,8,38.8,75
2430,2025-10-10,15,40.8,75
2431,2025-10-10,14,42.8,75
2432,2025-10-10,5,41.2,75
2433,2025-10-10,4,36.8,75
2434,2025-10-10,12,9.6,75
2435,2025-10-10,1,34.4,75
2436,2025-10-10,18,38.4,75
2437,2025-10-10,15,40.8,75
2438,2025-10-10,28,38.0,75
2439,2025-10-10,28,38.0,75
2440,2025-10-10,24,38.8,75
2441,2025-10-10,20,37.6,75
2442,2025-10-10,26,25.6,75
2443,2025-10-10,21,17.2,75
2444,2025-10-10,22,39.2,75
2445,2025-10-10,19,35.6,75
2446,2025-10-10,3,33.2,75
2447,2025-10-10,23,36.0,75
2448,2025-10-10,25,40.0,75
2449,2025-10-10,2,36.0,75
2450,2025-10-10,27,6.0,75
2451,2025-10-10,5,41.2,75
2452,2025-10-10,4,36.8,75
2453,2025-10-10,7,36.8,75
2454,2025-10-10,10,37.2,75
2455,2025-10-10,16,38.8,75
2456,2025-10-10,8,38.8,75
2457,2025-10-10,9,36.8,75
2458,2025-10-10,6,35.6,75
2459,2025-10-10,11,33.2,75
2460,2025-10-10,12,9.6,75
2461,2025-10-10,17,39.6,75
2462,2025-10-10,13,6.0,75
2463,2025-10-10,14,42.8,75
2464,2025-10-13,24,39.2,78
2465,2025-10-13,22,38.4,78
2466,2025-10-13,26,25.6,78
2467,2025-10-13,21,16.0,78
2468,2025-10-13,27,8.8,78
2469,2025-10-13,20,37.6,78
2470,2025-10-13,25,41.6,78
2471,2025-10-13,19,36.0,78
2472,2025-10-13,18,36.8,78
2473,2025-10-13,17,40.8,78
2474,2025-10-13,28,40.8,78
2475,2025-10-13,1,36.0,78
2476,2025-10-13,23,37.6,78
2477,2025-10-13,7,28.4,78
2478,2025-10-13,14,38.4,78
2479,2025-10-13,13,10.0,78
2480,2025-10-13,12,11.2,78
2481,2025-10-13,11,30.8,78
2482,2025-10-13,9,37.2,78
2483,2025-10-13,6,37.6,78
2484,2025-10-13,3,33.6,78
2485,2025-10-13,16,34.0,78
2486,2025-10-13,5,40.0,78
2487,2025-10-13,4,38.4,78
2488,2025-10-13,2,34.4,78
2489,2025-10-13,15,41.2,78
2490,2025-10-13,10,36.0,78
2491,2025-10-13,8,37.6,78
2492,2025-10-13,9,37.2,78
2493,2025-10-13,13,10.0,78
2494,2025-10-13,22,38.4,78
2495,2025-10-13,17,40.8,78
2496,2025-10-13,19,36.0,78
2497,2025-10-13,27,8.8,78
2498,2025-10-13,23,37.6,78
2499,2025-10-13,25,41.6,78
2500,2025-10-13,21,16.0,78
2501,2025-10-13,26,25.6,78
2502,2025-10-13,18,36.8,78
2503,2025-10-13,1,36.0,78
2504,2025-10-13,2,34.4,78
2505,2025-10-13,24,39.2,78
2506,2025-10-13,15,41.2,78
2507,2025-10-13,12,11.2,78
2508,2025-10-13,6,37.6,78
2509,2025-10-13,20,37.6,78
2510,2025-10-13,3,33.6,78
2511,2025-10-13,14,38.4,78
2512,2025-10-13,4,38.4,78
2513,2025-10-13,5,40.0,78
2514,2025-10-13,28,40.8,78
2515,2025-10-13,8,37.6,78
2516,2025-10-13,16,34.0,78
2517,2025-10-13,10,36.0,78
2518,2025-10-13,11,30.8,78
2519,2025-10-13,7,28.4,78
2520,2025-10-14,6,38.8,79
2521,2025-10-14,16,34.4,79
2522,2025-10-14,26,23.6,79
2523,2025-10-14,18,39.2,79
2524,2025-10-14,24,41.2,79
2525,2025-10-14,21,16.0,79
2526,2025-10-14,22,37.6,79
2527,2025-10-14,23,38.8,79
2528,2025-10-14,27,11.6,79
2529,2025-10-14,19,36.0,79
2530,2025-10-14,1,38.8,79
2531,2025-10-14,25,40.8,79
2532,2025-10-14,15,40.8,79
2533,2025-10-14,8,37.6,79
2534,2025-10-14,12,12.4,79
2535,2025-10-14,17,40.4,79
2536,2025-10-14,7,29.6,79
2537,2025-10-14,9,38.4,79
2538,2025-10-14,10,35.6,79
2539,2025-10-14,5,40.0,79
2540,2025-10-14,11,33.2,79
2541,2025-10-14,28,39.6,79
2542,2025-10-14,13,10.0,79
2543,2025-10-14,4,30.8,79
2544,2025-10-14,3,31.6,79
2545,2025-10-14,14,41.6,79
2546,2025-10-14,2,33.2,79
2547,2025-10-14,20,36.4,79
2548,2025-10-14,17,40.4,79
2549,2025-10-14,1,38.8,79
2550,2025-10-14,19,36.0,79
2551,2025-10-14,20,36.4,79
2552,2025-10-14,27,11.6,79
2553,2025-10-14,7,29.6,79
2554,2025-10-14,26,23.6,79
2555,2025-10-14,18,39.2,79
2556,2025-10-14,23,38.8,79
2557,2025-10-14,24,41.2,79
2558,2025-10-14,16,34.4,79
2559,2025-10-14,22,37.6,79
2560,2025-10-14,15,40.8,79
2561,2025-10-14,25,40.8,79
2562,2025-10-14,13,10.0,79
2563,2025-10-14,14,41.6,79
2564,2025-10-14,3,31.6,79
2565,2025-10-14,4,30.8,79
2566,2025-10-14,5,40.0,79
2567,2025-10-14,2,33.2,79
2568,2025-10-14,9,38.4,79
2569,2025-10-14,8,37.6,79
2570,2025-10-14,6,38.8,79
2571,2025-10-14,12,12.4,79
2572,2025-10-14,10,35.6,79
2573,2025-10-14,28,39.6,79
2574,2025-10-14,21,16.0,79
2575,2025-10-14,11,33.2,79
2576,2025-10-15,23,42.4,80
2577,2025-10-15,1,38.8,80
2578,2025-10-15,17,42.4,80
2579,2025-10-15,20,38.8,80
2580,2025-10-15,9,42.4,80
2581,2025-10-15,22,41.2,80
2582,2025-10-15,3,33.2,80
2583,2025-10-15,25,43.6,80
2584,2025-10-15,15,41.6,80
2585,2025-10-15,6,40.0,80
2586,2025-10-15,7,42.4,80
2587,2025-10-15,28,41.2,80
2588,2025-10-15,27,12.4,80
2589,2025-10-15,14,46.8,80
2590,2025-10-15,12,14.4,80
2591,2025-10-15,10,38.8,80
2592,2025-10-15,19,35.6,80
2593,2025-10-15,8,41.2,80
2594,2025-10-15,24,38.8,80
2595,2025-10-15,5,43.2,80
2596,2025-10-15,18,41.2,80
2597,2025-10-15,4,38.8,80
2598,2025-10-15,21,17.2,80
2599,2025-10-15,2,34.0,80
2600,2025-10-15,26,24.8,80
2601,2025-10-15,13,12.4,80
2602,2025-10-15,11,35.6,80
2603,2025-10-15,16,32.8,80
2604,2025-10-15,26,24.8,80
2605,2025-10-15,27,12.4,80
2606,2025-10-15,1,38.8,80
2607,2025-10-15,23,42.4,80
2608,2025-10-15,22,41.2,80
2609,2025-10-15,8,41.2,80
2610,2025-10-15,18,41.2,80
2611,2025-10-15,3,33.2,80
2612,2025-10-15,15,41.6,80
2613,2025-10-15,14,46.8,80
2614,2025-10-15,10,38.8,80
2615,2025-10-15,7,42.4,80
2616,2025-10-15,21,17.2,80
2617,2025-10-15,5,43.2,80
2618,2025-10-15,25,43.6,80
2619,2025-10-15,16,32.8,80
2620,2025-10-15,4,38.8,80
2621,2025-10-15,12,14.4,80
2622,2025-10-15,20,38.8,80
2623,2025-10-15,2,34.0,80
2624,2025-10-15,11,35.6,80
2625,2025-10-15,13,12.4,80
2626,2025-10-15,6,40.0,80
2627,2025-10-15,17,42.4,80
2628,2025-10-15,28,41.2,80
2629,2025-10-15,24,38.8,80
2630,2025-10-15,9,42.4,80
2631,2025-10-15,19,35.6,80
2632,2025-10-16,8,43.2,81
2633,2025-10-16,7,40.8,81
2634,2025-10-16,26,27.6,81
2635,2025-10-16,25,46.0,81
2636,2025-10-16,10,40.8,81
2637,2025-10-16,4,41.2,81
2638,2025-10-16,24,42.0,81
2639,2025-10-16,23,44.0,81
2640,2025-10-16,2,36.8,81
2641,2025-10-16,6,41.2,81
2642,2025-10-16,5,42.8,81
2643,2025-10-16,1,38.8,81
2644,2025-10-16,3,36.8,81
2645,2025-10-16,17,43.6,81
2646,2025-10-16,25,46.0,81
2647,2025-10-16,23,44.0,81
2648,2025-10-16,22,43.6,81
2649,2025-10-16,19,38.8,81
2650,2025-10-16,20,41.2,81
2651,2025-10-16,21,16.4,81
2652,2025-10-16,18,42.4,81
2653,2025-10-16,9,43.6,81
2654,2025-10-16,16,30.0,81
2655,2025-10-16,15,41.6,81
2656,2025-10-16,14,48.4,81
2657,2025-10-16,11,40.8,81
2658,2025-10-16,24,42.0,81
2659,2025-10-16,26,27.6,81
2660,2025-10-16,27,6.4,81
2661,2025-10-16,1,38.8,81
2662,2025-10-16,12,18.4,81
2663,2025-10-16,15,41.6,81
2664,2025-10-16,14,48.4,81
2665,2025-10-16,12,18.4,81
2666,2025-10-16,27,6.4,81
2667,2025-10-16,10,40.8,81
2668,2025-10-16,13,12.0,81
2669,2025-10-16,13,12.0,81
2670,2025-10-16,21,16.4,81
2671,2025-10-16,20,41.2,81
2672,2025-10-16,16,30.0,81
2673,2025-10-16,18,42.4,81
2674,2025-10-16,17,43.6,81
2675,2025-10-16,28,36.4,81
2676,2025-10-16,19,38.8,81
2677,2025-10-16,28,36.4,81
2678,2025-10-16,11,40.8,81
2679,2025-10-16,8,43.2,81
2680,2025-10-16,4,41.2,81
2681,2025-10-16,9,43.6,81
2682,2025-10-16,6,41.2,81
2683,2025-10-16,5,42.8,81
2684,2025-10-16,22,43.6,81
2685,2025-10-16,3,36.8,81
2686,2025-10-16,2,36.8,81
2687,2025-10-16,7,40.8,81
2688,2025-10-17,26,25.2,82
2689,2025-10-17,28,32.8,82
2690,2025-10-17,7,38.8,82
2691,2025-10-17,8,41.2,82
2692,2025-10-17,17,40.8,82
2693,2025-10-17,10,41.2,82
2694,2025-10-17,25,41.2,82
2695,2025-10-17,12,15.2,82
2696,2025-10-17,13,11.2,82
2697,2025-10-17,18,40.0,82
2698,2025-10-17,20,38.0,82
2699,2025-10-17,3,36.0,82
2700,2025-10-17,21,18.4,82
2701,2025-10-17,27,6.8,82
2702,2025-10-17,24,42.4,82
2703,2025-10-17,15,46.0,82
2704,2025-10-17,6,42.8,82
2705,2025-10-17,19,40.4,82
2706,2025-10-17,11,38.8,82
2707,2025-10-17,22,40.0,82
2708,2025-10-17,2,38.8,82
2709,2025-10-17,23,41.6,82
2710,2025-10-17,9,42.4,82
2711,2025-10-17,14,44.4,82
2712,2025-10-17,4,40.8,82
2713,2025-10-17,16,34.4,82
2714,2025-10-17,1,40.0,82
2715,2025-10-17,5,42.4,82
2716,2025-10-17,6,42.8,82
2717,2025-10-17,15,46.0,82
2718,2025-10-17,13,11.2,82
2719,2025-10-17,19,40.4,82
2720,2025-10-17,27,6.8,82
2721,2025-10-17,4,40.8,82
2722,2025-10-17,25,41.2,82
2723,2025-10-17,9,42.4,82
2724,2025-10-17,28,32.8,82
2725,2025-10-17,22,40.0,82
2726,2025-10-17,14,44.4,82
2727,2025-10-17,1,40.0,82
2728,2025-10-17,5,42.4,82
2729,2025-10-17,18,40.0,82
2730,2025-10-17,3,36.0,82
2731,2025-10-17,16,34.4,82
2732,2025-10-17,12,15.2,82
2733,2025-10-17,10,41.2,82
2734,2025-10-17,21,18.4,82
2735,2025-10-17,11,38.8,82
2736,2025-10-17,8,41.2,82
2737,2025-10-17,26,25.2,82
2738,2025-10-17,7,38.8,82
2739,2025-10-17,17,40.8,82
2740,2025-10-17,2,38.8,82
2741,2025-10-17,24,42.4,82
2742,2025-10-17,23,41.6,82
2743,2025-10-17,20,38.0,82
2744,2025-10-18,10,42.4,83
2745,2025-10-18,26,25.6,83
2746,2025-10-18,5,41.6,83
2747,2025-10-18,6,42.0,83
2748,2025-10-18,17,42.4,83
2749,2025-10-18,4,36.0,83
2750,2025-10-18,24,36.0,83
2751,2025-10-18,12,16.0,83
2752,2025-10-18,13,11.2,83
2753,2025-10-18,27,8.8,83
2754,2025-10-18,19,40.4,83
2755,2025-10-18,2,40.0,83
2756,2025-10-18,20,35.6,83
2757,2025-10-18,14,41.2,83
2758,2025-10-18,23,38.4,83
2759,2025-10-18,21,16.8,83
2760,2025-10-18,4,36.0,83
2761,2025-10-18,18,39.2,83
2762,2025-10-18,9,38.8,83
2763,2025-10-18,15,46.0,83
2764,2025-10-18,7,36.4,83
2765,2025-10-18,22,38.8,83
2766,2025-10-18,5,41.6,83
2767,2025-10-18,25,38.8,83
2768,2025-10-18,8,38.0,83
2769,2025-10-18,11,35.6,83
2770,2025-10-18,16,33.6,83
2771,2025-10-18,3,33.2,83
2772,2025-10-18,28,35.2,83
2773,2025-10-18,17,42.4,83
2774,2025-10-18,20,35.6,83
2775,2025-10-18,1,36.8,83
2776,2025-10-18,9,38.8,83
2777,2025-10-18,16,33.6,83
2778,2025-10-18,11,35.6,83
2779,2025-10-18,22,38.8,83
2780,2025-10-18,14,41.2,83
2781,2025-10-18,1,36.8,83
2782,2025-10-18,6,42.0,83
2783,2025-10-18,27,8.8,83
2784,2025-10-18,8,38.0,83
2785,2025-10-18,25,38.8,83
2786,2025-10-18,15,46.0,83
2787,2025-10-18,23,38.4,83
2788,2025-10-18,19,40.4,83
2789,2025-10-18,18,39.2,83
2790,2025-10-18,10,42.4,83
2791,2025-10-18,21,16.8,83
2792,2025-10-18,24,36.0,83
2793,2025-10-18,12,16.0,83
2794,2025-10-18,7,36.4,83
2795,2025-10-18,13,11.2,83
2796,2025-10-18,26,25.6,83
2797,2025-10-18,2,40.0,83
2798,2025-10-18,28,35.2,83
2799,2025-10-18,3,33.2,83
2800,2025-10-19,13,5.2,84
2801,2025-10-19,22,12.0,84
2802,2025-10-19,28,38.8,84
2803,2025-10-19,26,28.0,84
2804,2025-10-19,21,29.6,84
2805,2025-10-19,12,11.2,84
2806,2025-10-19,5,37.2,84
2807,2025-10-19,1,42.4,84
2808,2025-10-19,8,34.4,84
2809,2025-10-19,2,42.4,84
2810,2025-10-19,27,3.2,84
2811,2025-10-19,18,41.2,84
2812,2025-10-19,25,40.8,84
2813,2025-10-19,15,44.8,84
2814,2025-10-19,3,37.2,84
2815,2025-10-19,20,34.4,84
2816,2025-10-19,17,44.4,84
2817,2025-10-19,19,42.4,84
2818,2025-10-19,10,41.6,84
2819,2025-10-19,6,35.6,84
2820,2025-10-19,14,43.6,84
2821,2025-10-19,23,41.6,84
2822,2025-10-19,24,44.8,84
2823,2025-10-19,2,42.4,84
2824,2025-10-19,11,34.4,84
2825,2025-10-19,9,38.4,84
2826,2025-10-19,1,42.4,84
2827,2025-10-19,4,32.8,84
2828,2025-10-19,26,28.0,84
2829,2025-10-19,21,29.6,84
2830,2025-10-19,23,41.6,84
2831,2025-10-19,24,44.8,84
2832,2025-10-19,8,34.4,84
2833,2025-10-19,22,12.0,84
2834,2025-10-19,4,32.8,84
2835,2025-10-19,9,38.4,84
2836,2025-10-19,6,35.6,84
2837,2025-10-19,14,43.6,84
2838,2025-10-19,20,34.4,84
2839,2025-10-19,16,42.0,84
2840,2025-10-19,16,42.0,84
2841,2025-10-19,12,11.2,84
2842,2025-10-19,18,41.2,84
2843,2025-10-19,11,34.4,84
2844,2025-10-19,15,44.8,84
2845,2025-10-19,3,37.2,84
2846,2025-10-19,5,37.2,84
2847,2025-10-19,7,37.2,84
2848,2025-10-19,27,3.2,84
2849,2025-10-19,25,40.8,84
2850,2025-10-19,28,38.8,84
2851,2025-10-19,10,41.6,84
2852,2025-10-19,13,5.2,84
2853,2025-10-19,7,37.2,84
2854,2025-10-19,17,44.4,84
2855,2025-10-19,19,42.4,84
2856,2025-10-20,18,48.4,85
2857,2025-10-20,20,38.8,85
2858,2025-10-20,21,38.0,85
2859,2025-10-20,19,44.8,85
2860,2025-10-20,24,45.2,85
2861,2025-10-20,28,44.8,85
2862,2025-10-20,3,30.0,85
2863,2025-10-20,22,0.0,85
2864,2025-10-20,5,42.8,85
2865,2025-10-20,26,31.6,85
2866,2025-10-20,27,0.0,85
2867,2025-10-20,2,49.2,85
2868,2025-10-20,23,43.6,85
2869,2025-10-20,25,45.2,85
2870,2025-10-20,11,35.6,85
2871,2025-10-20,4,37.2,85
2872,2025-10-20,15,51.6,85
2873,2025-10-20,14,48.0,85
2874,2025-10-20,13,0.0,85
2875,2025-10-20,17,47.2,85
2876,2025-10-20,8,40.0,85
2877,2025-10-20,9,38.8,85
2878,2025-10-20,7,42.4,85
2879,2025-10-20,6,41.2,85
2880,2025-10-20,1,49.2,85
2881,2025-10-20,10,43.6,85
2882,2025-10-20,2,49.2,85
2883,2025-10-20,12,11.2,85
2884,2025-10-20,5,42.8,85
2885,2025-10-20,25,45.2,85
2886,2025-10-20,28,44.8,85
2887,2025-10-20,16,47.2,85
2888,2025-10-20,24,45.2,85
2889,2025-10-20,19,44.8,85
2890,2025-10-20,1,49.2,85
2891,2025-10-20,4,37.2,85
2892,2025-10-20,26,31.6,85
2893,2025-10-20,23,43.6,85
2894,2025-10-20,21,38.0,85
2895,2025-10-20,20,38.8,85
2896,2025-10-20,18,48.4,85
2897,2025-10-20,17,47.2,85
2898,2025-10-20,9,38.8,85
2899,2025-10-20,14,48.0,85
2900,2025-10-20,27,0.0,85
2901,2025-10-20,15,51.6,85
2902,2025-10-20,16,47.2,85
2903,2025-10-20,6,41.2,85
2904,2025-10-20,7,42.4,85
2905,2025-10-20,22,0.0,85
2906,2025-10-20,12,11.2,85
2907,2025-10-20,11,35.6,85
2908,2025-10-20,13,0.0,85
2909,2025-10-20,3,30.0,85
2910,2025-10-20,10,43.6,85
2911,2025-10-20,8,40.0,85
2912,2025-10-21,23,40.4,86
2913,2025-10-21,24,41.2,86
2914,2025-10-21,11,33.2,86
2915,2025-10-21,21,36.8,86
2916,2025-10-21,12,11.6,86
2917,2025-10-21,19,42.4,86
2918,2025-10-21,28,45.6,86
2919,2025-10-21,27,0.0,86
2920,2025-10-21,17,48.4,86
2921,2025-10-21,14,46.8,86
2922,2025-10-21,8,42.4,86
2923,2025-10-21,25,36.0,86
2924,2025-10-21,6,40.8,86
2925,2025-10-21,28,45.6,86
2926,2025-10-21,3,40.8,86
2927,2025-10-21,18,46.8,86
2928,2025-10-21,10,40.8,86
2929,2025-10-21,9,36.8,86
2930,2025-10-21,20,44.0,86
2931,2025-10-21,7,46.0,86
2932,2025-10-21,16,41.6,86
2933,2025-10-21,1,48.0,86
2934,2025-10-21,2,50.0,86
2935,2025-10-21,15,42.4,86
2936,2025-10-21,26,32.4,86
2937,2025-10-21,16,41.6,86
2938,2025-10-21,13,0.0,86
2939,2025-10-21,22,0.0,86
2940,2025-10-21,9,36.8,86
2941,2025-10-21,10,40.8,86
2942,2025-10-21,15,42.4,86
2943,2025-10-21,26,32.4,86
2944,2025-10-21,12,11.6,86
2945,2025-10-21,14,46.8,86
2946,2025-10-21,6,40.8,86
2947,2025-10-21,17,48.4,86
2948,2025-10-21,22,0.0,86
2949,2025-10-21,3,40.8,86
2950,2025-10-21,18,46.8,86
2951,2025-10-21,23,40.4,86
2952,2025-10-21,5,42.4,86
2953,2025-10-21,21,36.8,86
2954,2025-10-21,7,46.0,86
2955,2025-10-21,8,42.4,86
2956,2025-10-21,1,48.0,86
2957,2025-10-21,11,33.2,86
2958,2025-10-21,27,0.0,86
2959,2025-10-21,19,42.4,86
2960,2025-10-21,20,44.0,86
2961,2025-10-21,4,44.0,86
2962,2025-10-21,5,42.4,86
2963,2025-10-21,13,0.0,86
2964,2025-10-21,24,41.2,86
2965,2025-10-21,25,36.0,86
2966,2025-10-21,2,50.0,86
2967,2025-10-21,4,44.0,86
2968,2025-10-22,23,38.4,87
2969,2025-10-22,25,43.6,87
2970,2025-10-22,27,0.0,87
2971,2025-10-22,3,38.4,87
2972,2025-10-22,22,0.0,87
2973,2025-10-22,26,37.6,87
2974,2025-10-22,9,42.4,87
2975,2025-10-22,18,47.6,87
2976,2025-10-22,24,39.2,87
2977,2025-10-22,6,44.0,87
2978,2025-10-22,2,48.0,87
2979,2025-10-22,21,40.8,87
2980,2025-10-22,8,46.8,87
2981,2025-10-22,15,44.4,87
2982,2025-10-22,12,12.4,87
2983,2025-10-22,5,46.8,87
2984,2025-10-22,17,46.8,87
2985,2025-10-22,16,46.4,87
2986,2025-10-22,19,42.0,87
2987,2025-10-22,14,41.6,87
2988,2025-10-22,11,33.6,87
2989,2025-10-22,13,0.0,87
2990,2025-10-22,7,45.2,87
2991,2025-10-22,10,43.2,87
2992,2025-10-22,28,46.0,87
2993,2025-10-22,12,12.4,87
2994,2025-10-22,20,46.0,87
2995,2025-10-22,4,46.0,87
2996,2025-10-22,2,48.0,87
2997,2025-10-22,19,42.0,87
2998,2025-10-22,27,0.0,87
2999,2025-10-22,26,37.6,87
3000,2025-10-22,14,41.6,87
3001,2025-10-22,20,46.0,87
3002,2025-10-22,13,0.0,87
3003,2025-10-22,1,48.4,87
3004,2025-10-22,18,47.6,87
3005,2025-10-22,22,0.0,87
3006,2025-10-22,23,38.4,87
3007,2025-10-22,16,46.4,87
3008,2025-10-22,25,43.6,87
3009,2025-10-22,4,46.0,87
3010,2025-10-22,17,46.8,87
3011,2025-10-22,21,40.8,87
3012,2025-10-22,10,43.2,87
3013,2025-10-22,7,45.2,87
3014,2025-10-22,24,39.2,87
3015,2025-10-22,6,44.0,87
3016,2025-10-22,11,33.6,87
3017,2025-10-22,15,44.4,87
3018,2025-10-22,3,38.4,87
3019,2025-10-22,9,42.4,87
3020,2025-10-22,8,46.8,87
3021,2025-10-22,28,46.0,87
3022,2025-10-22,5,46.8,87
3023,2025-10-22,1,48.4,87
3024,2025-10-23,18,47.6,88
3025,2025-10-23,16,46.4,88
3026,2025-10-23,7,45.2,88
3027,2025-10-23,2,48.0,88
3028,2025-10-23,4,46.0,88
3029,2025-10-23,2,48.0,88
3030,2025-10-23,25,43.6,88
3031,2025-10-23,9,42.4,88
3032,2025-10-23,27,0.0,88
3033,2025-10-23,23,38.4,88
3034,2025-10-23,22,0.0,88
3035,2025-10-23,13,0.0,88
3036,2025-10-23,5,46.8,88
3037,2025-10-23,14,41.6,88
3038,2025-10-23,3,38.4,88
3039,2025-10-23,12,12.4,88
3040,2025-10-23,11,33.6,88
3041,2025-10-23,10,43.2,88
3042,2025-10-23,15,44.4,88
3043,2025-10-23,20,46.0,88
3044,2025-10-23,21,40.8,88
3045,2025-10-23,1,48.4,88
3046,2025-10-23,8,46.8,88
3047,2025-10-23,6,44.0,88
3048,2025-10-23,19,42.0,88
3049,2025-10-23,26,37.6,88
3050,2025-10-23,17,46.8,88
3051,2025-10-23,24,39.2,88
3052,2025-10-23,18,47.6,88
3053,2025-10-23,21,40.8,88
3054,2025-10-23,16,46.4,88
3055,2025-10-23,3,38.4,88
3056,2025-10-23,12,12.4,88
3057,2025-10-23,1,48.4,88
3058,2025-10-23,14,41.6,88
3059,2025-10-23,6,44.0,88
3060,2025-10-23,11,33.6,88
3061,2025-10-23,22,0.0,88
3062,2025-10-23,13,0.0,88
3063,2025-10-23,24,39.2,88
3064,2025-10-23,27,0.0,88
3065,2025-10-23,10,43.2,88
3066,2025-10-23,23,38.4,88
3067,2025-10-23,19,42.0,88
3068,2025-10-23,9,42.4,88
3069,2025-10-23,28,46.0,88
3070,2025-10-23,5,46.8,88
3071,2025-10-23,17,46.8,88
3072,2025-10-23,26,37.6,88
3073,2025-10-23,25,43.6,88
3074,2025-10-23,15,44.4,88
3075,2025-10-23,7,45.2,88
3076,2025-10-23,8,46.8,88
3077,2025-10-23,4,46.0,88
3078,2025-10-23,28,46.0,88
3079,2025-10-23,20,46.0,88
3080,2025-10-24,7,42.4,89
3081,2025-10-24,4,45.6,89
3082,2025-10-24,5,46.0,89
3083,2025-10-24,10,39.6,89
3084,2025-10-24,13,0.0,89
3085,2025-10-24,12,12.4,89
3086,2025-10-24,2,44.8,89
3087,2025-10-24,6,42.4,89
3088,2025-10-24,8,44.4,89
3089,2025-10-24,10,39.6,89
3090,2025-10-24,11,36.8,89
3091,2025-10-24,14,36.0,89
3092,2025-10-24,17,46.0,89
3093,2025-10-24,3,50.4,89
3094,2025-10-24,25,44.0,89
3095,2025-10-24,18,44.0,89
3096,2025-10-24,19,47.2,89
3097,2025-10-24,21,48.0,89
3098,2025-10-24,20,43.6,89
3099,2025-10-24,28,42.8,89
3100,2025-10-24,15,46.8,89
3101,2025-10-24,23,38.8,89
3102,2025-10-24,1,50.4,89
3103,2025-10-24,24,46.0,89
3104,2025-10-24,26,38.8,89
3105,2025-10-24,27,0.0,89
3106,2025-10-24,9,38.8,89
3107,2025-10-24,16,52.4,89
3108,2025-10-24,26,38.8,89
3109,2025-10-24,15,46.8,89
3110,2025-10-24,22,0.0,89
3111,2025-10-24,7,42.4,89
3112,2025-10-24,9,38.8,89
3113,2025-10-24,16,52.4,89
3114,2025-10-24,11,36.8,89
3115,2025-10-24,5,46.0,89
3116,2025-10-24,2,44.8,89
3117,2025-10-24,12,12.4,89
3118,2025-10-24,13,0.0,89
3119,2025-10-24,14,36.0,89
3120,2025-10-24,8,44.4,89
3121,2025-10-24,3,50.4,89
3122,2025-10-24,1,50.4,89
3123,2025-10-24,18,44.0,89
3124,2025-10-24,6,42.4,89
3125,2025-10-24,22,0.0,89
3126,2025-10-24,24,46.0,89
3127,2025-10-24,28,42.8,89
3128,2025-10-24,25,44.0,89
3129,2025-10-24,17,46.0,89
3130,2025-10-24,23,38.8,89
3131,2025-10-24,19,47.2,89
3132,2025-10-24,20,43.6,89
3133,2025-10-24,27,0.0,89
3134,2025-10-24,4,45.6,89
3135,2025-10-24,21,48.0,89
3136,2025-10-25,23,48.4,90
3137,2025-10-25,1,57.2,90
3138,2025-10-25,22,26.0,90
3139,2025-10-25,20,47.6,90
3140,2025-10-25,4,50.4,90
3141,2025-10-25,26,42.4,90
3142,2025-10-25,25,24.8,90
3143,2025-10-25,24,46.8,90
3144,2025-10-25,1,57.2,90
3145,2025-10-25,2,54.0,90
3146,2025-10-25,19,54.4,90
3147,2025-10-25,21,49.6,90
3148,2025-10-25,4,50.4,90
3149,2025-10-25,13,0.0,90
3150,2025-10-25,11,45.6,90
3151,2025-10-25,7,47.2,90
3152,2025-10-25,8,51.6,90
3153,2025-10-25,5,50.4,90
3154,2025-10-25,10,48.0,90
3155,2025-10-25,9,49.6,90
3156,2025-10-25,12,13.6,90
3157,2025-10-25,18,49.2,90
3158,2025-10-25,15,55.2,90
3159,2025-10-25,28,35.6,90
3160,2025-10-25,16,58.4,90
3161,2025-10-25,17,54.0,90
3162,2025-10-25,6,50.4,90
3163,2025-10-25,2,54.0,90
3164,2025-10-25,23,48.4,90
3165,2025-10-25,14,50.4,90
3166,2025-10-25,3,52.8,90
3167,2025-10-25,21,49.6,90
3168,2025-10-25,19,54.4,90
3169,2025-10-25,26,42.4,90
3170,2025-10-25,25,24.8,90
3171,2025-10-25,24,46.8,90
3172,2025-10-25,22,26.0,90
3173,2025-10-25,16,58.4,90
3174,2025-10-25,5,50.4,90
3175,2025-10-25,18,49.2,90
3176,2025-10-25,20,47.6,90
3177,2025-10-25,27,0.0,90
3178,2025-10-25,3,52.8,90
3179,2025-10-25,27,0.0,90
3180,2025-10-25,17,54.0,90
3181,2025-10-25,28,35.6,90
3182,2025-10-25,15,55.2,90
3183,2025-10-25,7,47.2,90
3184,2025-10-25,11,45.6,90
3185,2025-10-25,6,50.4,90
3186,2025-10-25,9,49.6,90
3187,2025-10-25,10,48.0,90
3188,2025-10-25,14,50.4,90
3189,2025-10-25,12,13.6,90
3190,2025-10-25,13,0.0,90
3191,2025-10-25,8,51.6,90
3192,2025-10-26,5,53.6,91
3193,2025-10-26,1,58.8,91
3194,2025-10-26,24,54.0,91
3195,2025-10-26,23,49.2,91
3196,2025-10-26,12,16.4,91
3197,2025-10-26,21,46.8,91
3198,2025-10-26,4,51.6,91
3199,2025-10-26,17,32.4,91
3200,2025-10-26,16,62.0,91
3201,2025-10-26,11,47.6,91
3202,2025-10-26,9,47.6,91
3203,2025-10-26,19,57.2,91
3204,2025-10-26,8,52.0,91
3205,2025-10-26,3,51.6,91
3206,2025-10-26,6,50.4,91
3207,2025-10-26,13,0.0,91
3208,2025-10-26,25,0.0,91
3209,2025-10-26,10,49.2,91
3210,2025-10-26,18,47.2,91
3211,2025-10-26,7,49.6,91
3212,2025-10-26,14,49.6,91
3213,2025-10-26,28,40.8,91
3214,2025-10-26,22,50.8,91
3215,2025-10-26,15,45.6,91
3216,2025-10-26,20,49.2,91
3217,2025-10-26,2,53.6,91
3218,2025-10-26,28,40.8,91
3219,2025-10-26,27,0.0,91
3220,2025-10-26,27,0.0,91
3221,2025-10-26,15,45.6,91
3222,2025-10-26,17,32.4,91
3223,2025-10-26,12,16.4,91
3224,2025-10-26,3,51.6,91
3225,2025-10-26,26,43.6,91
3226,2025-10-26,6,50.4,91
3227,2025-10-26,21,46.8,91
3228,2025-10-26,8,52.0,91
3229,2025-10-26,9,47.6,91
3230,2025-10-26,16,62.0,91
3231,2025-10-26,25,0.0,91
3232,2025-10-26,4,51.6,91
3233,2025-10-26,23,49.2,91
3234,2025-10-26,14,49.6,91
3235,2025-10-26,1,58.8,91
3236,2025-10-26,18,47.2,91
3237,2025-10-26,20,49.2,91
3238,2025-10-26,10,49.2,91
3239,2025-10-26,19,57.2,91
3240,2025-10-26,22,50.8,91
3241,2025-10-26,5,53.6,91
3242,2025-10-26,11,47.6,91
3243,2025-10-26,13,0.0,91
3244,2025-10-26,24,54.0,91
3245,2025-10-26,2,53.6,91
3246,2025-10-26,7,49.6,91
3247,2025-10-26,26,43.6,91
3248,2025-10-27,11,45.6,92
3249,2025-10-27,21,54.0,92
3250,2025-10-27,17,10.0,92
3251,2025-10-27,14,48.8,92
3252,2025-10-27,24,44.8,92
3253,2025-10-27,12,16.4,92
3254,2025-10-27,2,60.8,92
3255,2025-10-27,10,39.6,92
3256,2025-10-27,13,0.0,92
3257,2025-10-27,27,0.0,92
3258,2025-10-27,26,47.2,92
3259,2025-10-27,22,57.6,92
3260,2025-10-27,5,53.2,92
3261,2025-10-27,7,53.6,92
3262,2025-10-27,3,61.2,92
3263,2025-10-27,13,0.0,92
3264,2025-10-27,5,53.2,92
3265,2025-10-27,4,54.0,92
3266,2025-10-27,18,50.8,92
3267,2025-10-27,28,52.8,92
3268,2025-10-27,15,43.6,92
3269,2025-10-27,6,56.0,92
3270,2025-10-27,19,58.4,92
3271,2025-10-27,8,48.8,92
3272,2025-10-27,9,54.4,92
3273,2025-10-27,11,45.6,92
3274,2025-10-27,23,48.0,92
3275,2025-10-27,28,52.8,92
3276,2025-10-27,4,54.0,92
3277,2025-10-27,12,16.4,92
3278,2025-10-27,9,54.4,92
3279,2025-10-27,21,54.0,92
3280,2025-10-27,20,54.4,92
3281,2025-10-27,1,63.2,92
3282,2025-10-27,16,66.0,92
3283,2025-10-27,7,53.6,92
3284,2025-10-27,14,48.8,92
3285,2025-10-27,26,47.2,92
3286,2025-10-27,24,44.8,92
3287,2025-10-27,2,60.8,92
3288,2025-10-27,19,58.4,92
3289,2025-10-27,16,66.0,92
3290,2025-10-27,6,56.0,92
3291,2025-10-27,27,0.0,92
3292,2025-10-27,10,39.6,92
3293,2025-10-27,23,48.0,92
3294,2025-10-27,18,50.8,92
3295,2025-10-27,25,31.6,92
3296,2025-10-27,8,48.8,92
3297,2025-10-27,25,31.6,92
3298,2025-10-27,3,61.2,92
3299,2025-10-27,15,43.6,92
3300,2025-10-27,1,63.2,92
3301,2025-10-27,22,57.6,92
3302,2025-10-27,20,54.4,92
3303,2025-10-27,17,10.0,92
3304,2025-10-28,12,19.2,93
3305,2025-10-28,1,60.8,93
3306,2025-10-28,10,54.0,93
3307,2025-10-28,1,60.8,93
3308,2025-10-28,22,56.0,93
3309,2025-10-28,4,22.4,93
3310,2025-10-28,7,52.4,93
3311,2025-10-28,21,50.0,93
3312,2025-10-28,16,65.2,93
3313,2025-10-28,2,34.0,93
3314,2025-10-28,17,50.4,93
3315,2025-10-28,19,59.6,93
3316,2025-10-28,24,1.2,93
3317,2025-10-28,18,53.2,93
3318,2025-10-28,25,59.6,93
3319,2025-10-28,23,53.6,93
3320,2025-10-28,15,58.4,93
3321,2025-10-28,5,52.4,93
3322,2025-10-28,8,54.0,93
3323,2025-10-28,6,56.0,93
3324,2025-10-28,9,50.8,93
3325,2025-10-28,11,49.6,93
3326,2025-10-28,28,56.0,93
3327,2025-10-28,27,38.8,93
3328,2025-10-28,20,54.0,93
3329,2025-10-28,13,0.0,93
3330,2025-10-28,26,9.6,93
3331,2025-10-28,3,55.2,93
3332,2025-10-28,3,55.2,93
3333,2025-10-28,2,34.0,93
3334,2025-10-28,14,56.8,93
3335,2025-10-28,10,54.0,93
3336,2025-10-28,26,9.6,93
3337,2025-10-28,6,56.0,93
3338,2025-10-28,28,56.0,93
3339,2025-10-28,25,59.6,93
3340,2025-10-28,4,22.4,93
3341,2025-10-28,19,59.6,93
3342,2025-10-28,14,56.8,93
3343,2025-10-28,18,53.2,93
3344,2025-10-28,24,1.2,93
3345,2025-10-28,23,53.6,93
3346,2025-10-28,8,54.0,93
3347,2025-10-28,20,54.0,93
3348,2025-10-28,22,56.0,93
3349,2025-10-28,21,50.0,93
3350,2025-10-28,11,49.6,93
3351,2025-10-28,16,65.2,93
3352,2025-10-28,12,19.2,93
3353,2025-10-28,9,50.8,93
3354,2025-10-28,7,52.4,93
3355,2025-10-28,5,52.4,93
3356,2025-10-28,17,50.4,93
3357,2025-10-28,15,58.4,93
3358,2025-10-28,27,38.8,93
3359,2025-10-28,13,0.0,93
3360,2025-10-29,10,50.8,94
3361,2025-10-29,19,59.6,94
3362,2025-10-29,18,54.8,94
3363,2025-10-29,17,54.4,94
3364,2025-10-29,3,63.2,94
3365,2025-10-29,2,9.6,94
3366,2025-10-29,11,46.4,94
3367,2025-10-29,8,52.8,94
3368,2025-10-29,13,0.8,94
3369,2025-10-29,12,19.2,94
3370,2025-10-29,15,61.2,94
3371,2025-10-29,25,55.6,94
3372,2025-10-29,26,0.0,94
3373,2025-10-29,22,57.2,94
3374,2025-10-29,14,58.4,94
3375,2025-10-29,16,59.6,94
3376,2025-10-29,23,51.2,94
3377,2025-10-29,9,54.0,94
3378,2025-10-29,27,51.2,94
3379,2025-10-29,21,52.8,94
3380,2025-10-29,8,52.8,94
3381,2025-10-29,1,60.4,94
3382,2025-10-29,4,59.6,94
3383,2025-10-29,5,52.0,94
3384,2025-10-29,6,50.4,94
3385,2025-10-29,9,54.0,94
3386,2025-10-29,7,51.6,94
3387,2025-10-29,20,54.0,94
3388,2025-10-29,5,52.0,94
3389,2025-10-29,3,63.2,94
3390,2025-10-29,28,49.2,94
3391,2025-10-29,24,36.8,94
3392,2025-10-29,24,36.8,94
3393,2025-10-29,7,51.6,94
3394,2025-10-29,13,0.8,94
3395,2025-10-29,18,54.8,94
3396,2025-10-29,6,50.4,94
3397,2025-10-29,11,46.4,94
3398,2025-10-29,28,49.2,94
3399,2025-10-29,27,51.2,94
3400,2025-10-29,23,51.2,94
3401,2025-10-29,17,54.4,94
3402,2025-10-29,15,61.2,94
3403,2025-10-29,19,59.6,94
3404,2025-10-29,4,59.6,94
3405,2025-10-29,20,54.0,94
3406,2025-10-29,2,9.6,94
3407,2025-10-29,16,59.6,94
3408,2025-10-29,25,55.6,94
3409,2025-10-29,14,58.4,94
3410,2025-10-29,1,60.4,94
3411,2025-10-29,10,50.8,94
3412,2025-10-29,22,57.2,94
3413,2025-10-29,12,19.2,94
3414,2025-10-29,26,0.0,94
3415,2025-10-29,21,52.8,94
3416,2025-10-30,14,63.6,95
3417,2025-10-30,9,53.2,95
3418,2025-10-30,17,56.0,95
3419,2025-10-30,11,46.4,95
3420,2025-10-30,3,60.4,95
3421,2025-10-30,4,53.2,95
3422,2025-10-30,15,60.4,95
3423,2025-10-30,11,46.4,95
3424,2025-10-30,4,53.2,95
3425,2025-10-30,5,51.6,95
3426,2025-10-30,28,52.4,95
3427,2025-10-30,16,59.2,95
3428,2025-10-30,10,50.4,95
3429,2025-10-30,2,0.0,95
3430,2025-10-30,6,54.0,95
3431,2025-10-30,3,60.4,95
3432,2025-10-30,12,21.6,95
3433,2025-10-30,8,53.2,95
3434,2025-10-30,6,54.0,95
3435,2025-10-30,9,53.2,95
3436,2025-10-30,12,21.6,95
3437,2025-10-30,8,53.2,95
3438,2025-10-30,7,52.4,95
3439,2025-10-30,7,52.4,95
3440,2025-10-30,1,55.2,95
3441,2025-10-30,10,50.4,95
3442,2025-10-30,13,0.0,95
3443,2025-10-30,5,51.6,95
3444,2025-10-30,25,56.4,95
3445,2025-10-30,20,54.0,95
3446,2025-10-30,14,63.6,95
3447,2025-10-30,18,50.8,95
3448,2025-10-30,2,0.0,95
3449,2025-10-30,16,59.2,95
3450,2025-10-30,25,56.4,95
3451,2025-10-30,27,49.6,95
3452,2025-10-30,19,56.0,95
3453,2025-10-30,20,54.0,95
3454,2025-10-30,24,57.2,95
3455,2025-10-30,22,55.2,95
3456,2025-10-30,26,0.0,95
3457,2025-10-30,23,51.6,95
3458,2025-10-30,24,57.2,95
3459,2025-10-30,21,52.4,95
3460,2025-10-30,13,0.0,95
3461,2025-10-30,26,0.0,95
3462,2025-10-30,19,56.0,95
3463,2025-10-30,22,55.2,95
3464,2025-10-30,23,51.6,95
3465,2025-10-30,17,56.0,95
3466,2025-10-30,28,52.4,95
3467,2025-10-30,15,60.4,95
3468,2025-10-30,21,52.4,95
3469,2025-10-30,18,50.8,95
3470,2025-10-30,1,55.2,95
3471,2025-10-30,27,49.6,95
3472,2025-10-31,15,62.8,96
3473,2025-10-31,21,58.4,96
3474,2025-10-31,14,63.2,96
3475,2025-10-31,12,25.2,96
3476,2025-10-31,6,54.0,96
3477,2025-10-31,8,54.8,96
3478,2025-10-31,5,56.0,96
3479,2025-10-31,10,53.2,96
3480,2025-10-31,11,48.0,96
3481,2025-10-31,9,56.8,96
3482,2025-10-31,7,53.6,96
3483,2025-10-31,4,54.4,96
3484,2025-10-31,13,5.2,96
3485,2025-10-31,1,58.8,96
3486,2025-10-31,18,53.2,96
3487,2025-10-31,23,52.8,96
3488,2025-10-31,19,58.4,96
3489,2025-10-31,20,55.2,96
3490,2025-10-31,3,65.2,96
3491,2025-10-31,22,61.6,96
3492,2025-10-31,23,52.8,96
3493,2025-10-31,24,57.2,96
3494,2025-10-31,25,60.8,96
3495,2025-10-31,27,49.2,96
3496,2025-10-31,28,57.2,96
3497,2025-10-31,26,0.0,96
3498,2025-10-31,16,63.2,96
3499,2025-10-31,17,57.6,96
3500,2025-10-31,28,57.2,96
3501,2025-10-31,17,57.6,96
3502,2025-10-31,11,48.0,96
3503,2025-10-31,14,63.2,96
3504,2025-10-31,9,56.8,96
3505,2025-10-31,2,0.0,96
3506,2025-10-31,5,56.0,96
3507,2025-10-31,4,54.4,96
3508,2025-10-31,8,54.8,96
3509,2025-10-31,3,65.2,96
3510,2025-10-31,10,53.2,96
3511,2025-10-31,7,53.6,96
3512,2025-10-31,6,54.0,96
3513,2025-10-31,1,58.8,96
3514,2025-10-31,12,25.2,96
3515,2025-10-31,15,62.8,96
3516,2025-10-31,13,5.2,96
3517,2025-10-31,22,61.6,96
3518,2025-10-31,18,53.2,96
3519,2025-10-31,19,58.4,96
3520,2025-10-31,20,55.2,96
3521,2025-10-31,21,58.4,96
3522,2025-10-31,16,63.2,96
3523,2025-10-31,24,57.2,96
3524,2025-10-31,25,60.8,96
3525,2025-10-31,27,49.2,96
3526,2025-10-31,2,0.0,96
3527,2025-10-31,26,0.0,96
3528,2025-11-01,22,58.4,97
3529,2025-11-01,11,46.0,97
3530,2025-11-01,10,50.8,97
3531,2025-11-01,9,54.0,97
3532,2025-11-01,28,55.2,97
3533,2025-11-01,4,54.4,97
3534,2025-11-01,12,23.2,97
3535,2025-11-01,1,54.4,97
3536,2025-11-01,5,52.8,97
3537,2025-11-01,3,63.6,97
3538,2025-11-01,13,11.2,97
3539,2025-11-01,6,54.0,97
3540,2025-11-01,8,52.8,97
3541,2025-11-01,20,56.4,97
3542,2025-11-01,14,60.4,97
3543,2025-11-01,21,54.0,97
3544,2025-11-01,16,45.2,97
3545,2025-11-01,19,58.4,97
3546,2025-11-01,18,54.8,97
3547,2025-11-01,27,52.8,97
3548,2025-11-01,17,57.6,97
3549,2025-11-01,23,49.2,97
3550,2025-11-01,2,0.0,97
3551,2025-11-01,24,60.4,97
3552,2025-11-01,25,58.4,97
3553,2025-11-01,15,62.0,97
3554,2025-11-01,26,0.0,97
3555,2025-11-01,7,52.0,97
3556,2025-11-01,1,54.4,97
3557,2025-11-01,17,57.6,97
3558,2025-11-01,11,46.0,97
3559,2025-11-01,10,50.8,97
3560,2025-11-01,9,54.0,97
3561,2025-11-01,13,11.2,97
3562,2025-11-01,4,54.4,97
3563,2025-11-01,12,23.2,97
3564,2025-11-01,2,0.0,97
3565,2025-11-01,5,52.8,97
3566,2025-11-01,3,63.6,97
3567,2025-11-01,28,55.2,97
3568,2025-11-01,6,54.0,97
3569,2025-11-01,7,52.0,97
3570,2025-11-01,20,56.4,97
3571,2025-11-01,16,45.2,97
3572,2025-11-01,8,52.8,97
3573,2025-11-01,18,54.8,97
3574,2025-11-01,19,58.4,97
3575,2025-11-01,22,58.4,97
3576,2025-11-01,21,54.0,97
3577,2025-11-01,14,60.4,97
3578,2025-11-01,26,0.0,97
3579,2025-11-01,24,60.4,97
3580,2025-11-01,23,49.2,97
3581,2025-11-01,27,52.8,97
3582,2025-11-01,15,62.0,97
3583,2025-11-01,25,58.4,97
3584,2025-11-02,15,66.4,98
3585,2025-11-02,14,62.4,98
3586,2025-11-02,2,0.0,98
3587,2025-11-02,24,64.4,98
3588,2025-11-02,11,48.8,98
3589,2025-11-02,1,60.0,98
3590,2025-11-02,3,66.4,98
3591,2025-11-02,19,61.2,98
3592,2025-11-02,18,56.4,98
3593,2025-11-02,1,60.0,98
3594,2025-11-02,9,57.6,98
3595,2025-11-02,7,54.0,98
3596,2025-11-02,8,53.2,98
3597,2025-11-02,26,0.0,98
3598,2025-11-02,4,57.2,98
3599,2025-11-02,13,15.2,98
3600,2025-11-02,26,0.0,98
3601,2025-11-02,10,52.4,98
3602,2025-11-02,21,54.8,98
3603,2025-11-02,5,55.2,98
3604,2025-11-02,23,53.6,98
3605,2025-11-02,6,54.8,98
3606,2025-11-02,17,62.8,98
3607,2025-11-02,2,0.0,98
3608,2025-11-02,22,58.4,98
3609,2025-11-02,20,56.0,98
3610,2025-11-02,12,23.2,98
3611,2025-11-02,16,61.2,98
3612,2025-11-02,25,59.6,98
3613,2025-11-02,7,54.0,98
3614,2025-11-02,16,61.2,98
3615,2025-11-02,5,55.2,98
3616,2025-11-02,6,54.8,98
3617,2025-11-02,25,59.6,98
3618,2025-11-02,8,53.2,98
3619,2025-11-02,18,56.4,98
3620,2025-11-02,11,48.8,98
3621,2025-11-02,12,23.2,98
3622,2025-11-02,15,66.4,98
3623,2025-11-02,23,53.6,98
3624,2025-11-02,14,62.4,98
3625,2025-11-02,22,58.4,98
3626,2025-11-02,3,66.4,98
3627,2025-11-02,28,55.6,98
3628,2025-11-02,20,56.0,98
3629,2025-11-02,27,53.2,98
3630,2025-11-02,13,15.2,98
3631,2025-11-02,17,62.8,98
3632,2025-11-02,19,61.2,98
3633,2025-11-02,9,57.6,98
3634,2025-11-02,21,54.8,98
3635,2025-11-02,10,52.4,98
3636,2025-11-02,24,64.4,98
3637,2025-11-02,4,57.2,98
3638,2025-11-02,27,53.2,98
3639,2025-11-02,28,55.6,98
3640,2025-11-03,6,56.4,99
3641,2025-11-03,26,4.0,99
3642,2025-11-03,9,56.4,99
3643,2025-11-03,8,56.0,99
3644,2025-11-03,2,0.0,99
3645,2025-11-03,3,66.4,99
3646,2025-11-03,4,56.8,99
3647,2025-11-03,5,56.0,99
3648,2025-11-03,27,48.8,99
3649,2025-11-03,25,62.0,99
3650,2025-11-03,11,50.8,99
3651,2025-11-03,10,52.0,99
3652,2025-11-03,12,24.4,99
3653,2025-11-03,17,61.2,99
3654,2025-11-03,18,56.0,99
3655,2025-11-03,13,18.0,99
3656,2025-11-03,28,57.2,99
3657,2025-11-03,21,58.4,99
3658,2025-11-03,20,57.6,99
3659,2025-11-03,19,64.0,99
3660,2025-11-03,27,48.8,99
3661,2025-11-03,22,55.6,99
3662,2025-11-03,16,69.6,99
3663,2025-11-03,15,68.0,99
3664,2025-11-03,24,65.2,99
3665,2025-11-03,7,56.4,99
3666,2025-11-03,1,57.2,99
3667,2025-11-03,14,62.8,99
3668,2025-11-03,28,57.2,99
3669,2025-11-03,8,56.0,99
3670,2025-11-03,19,64.0,99
3671,2025-11-03,20,57.6,99
3672,2025-11-03,17,61.2,99
3673,2025-11-03,2,0.0,99
3674,2025-11-03,21,58.4,99
3675,2025-11-03,16,69.6,99
3676,2025-11-03,18,56.0,99
3677,2025-11-03,24,65.2,99
3678,2025-11-03,25,62.0,99
3679,2025-11-03,14,62.8,99
3680,2025-11-03,15,68.0,99
3681,2025-11-03,22,55.6,99
3682,2025-11-03,23,49.6,99
3683,2025-11-03,26,4.0,99
3684,2025-11-03,23,49.6,99
3685,2025-11-03,13,18.0,99
3686,2025-11-03,3,66.4,99
3687,2025-11-03,5,56.0,99
3688,2025-11-03,10,52.0,99
3689,2025-11-03,6,56.4,99
3690,2025-11-03,1,57.2,99
3691,2025-11-03,9,56.4,99
3692,2025-11-03,4,56.8,99
3693,2025-11-03,11,50.8,99
3694,2025-11-03,12,24.4,99
3695,2025-11-03,7,56.4,99
3696,2025-11-04,4,51.6,100
3697,2025-11-04,17,57.6,100
3698,2025-11-04,27,46.8,100
3699,2025-11-04,28,58.0,100
3700,2025-11-04,18,51.2,100
3701,2025-11-04,9,51.6,100
3702,2025-11-04,2,0.0,100
3703,2025-11-04,13,23.2,100
3704,2025-11-04,14,62.0,100
3705,2025-11-04,25,61.6,100
3706,2025-11-04,22,56.0,100
3707,2025-11-04,24,66.4,100
3708,2025-11-04,23,46.8,100
3709,2025-11-04,1,57.6,100
3710,2025-11-04,20,52.4,100
3711,2025-11-04,26,1.6,100
3712,2025-11-04,12,22.4,100
3713,2025-11-04,21,53.2,100
3714,2025-11-04,11,48.0,100
3715,2025-11-04,16,68.0,100
3716,2025-11-04,3,66.4,100
3717,2025-11-04,25,61.6,100
3718,2025-11-04,10,47.6,100
3719,2025-11-04,15,59.2,100
3720,2025-11-04,27,46.8,100
3721,2025-11-04,28,58.0,100
3722,2025-11-04,24,66.4,100
3723,2025-11-04,19,59.6,100
3724,2025-11-04,22,56.0,100
3725,2025-11-04,5,54.0,100
3726,2025-11-04,12,22.4,100
3727,2025-11-04,7,53.2,100
3728,2025-11-04,8,52.0,100
3729,2025-11-04,20,52.4,100
3730,2025-11-04,1,57.6,100
3731,2025-11-04,15,59.2,100
3732,2025-11-04,5,54.0,100
3733,2025-11-04,6,47.6,100
3734,2025-11-04,10,47.6,100
3735,2025-11-04,19,59.6,100
3736,2025-11-04,26,1.6,100
3737,2025-11-04,18,51.2,100
3738,2025-11-04,23,46.8,100
3739,2025-11-04,21,53.2,100
3740,2025-11-04,13,23.2,100
3741,2025-11-04,9,51.6,100
3742,2025-11-04,7,53.2,100
3743,2025-11-04,14,62.0,100
3744,2025-11-04,16,68.0,100
3745,2025-11-04,2,0.0,100
3746,2025-11-04,17,57.6,100
3747,2025-11-04,3,66.4,100
3748,2025-11-04,11,48.0,100
3749,2025-11-04,4,51.6,100
3750,2025-11-04,6,47.6,100
3751,2025-11-04,8,52.0,100
3752,2025-11-05,20,64.4,101
3753,2025-11-05,18,58.8,101
3754,2025-11-05,24,72.4,101
3755,2025-11-05,25,67.6,101
3756,2025-11-05,15,71.2,101
3757,2025-11-05,26,0.0,101
3758,2025-11-05,16,71.2,101
3759,2025-11-05,3,71.6,101
3760,2025-11-05,4,65.2,101
3761,2025-11-05,27,57.2,101
3762,2025-11-05,12,26.4,101
3763,2025-11-05,21,64.4,101
3764,2025-11-05,13,26.4,101
3765,2025-11-05,19,66.0,101
3766,2025-11-05,8,58.8,101
3767,2025-11-05,22,63.2,101
3768,2025-11-05,7,61.6,101
3769,2025-11-05,10,60.0,101
3770,2025-11-05,2,0.0,101
3771,2025-11-05,14,70.4,101
3772,2025-11-05,9,55.2,101
3773,2025-11-05,28,59.6,101
3774,2025-11-05,5,61.6,101
3775,2025-11-05,17,61.2,101
3776,2025-11-05,23,56.4,101
3777,2025-11-05,6,60.8,101
3778,2025-11-05,11,56.0,101
3779,2025-11-05,1,63.6,101
3780,2025-11-05,2,0.0,101
3781,2025-11-05,8,58.8,101
3782,2025-11-05,10,60.0,101
3783,2025-11-05,28,59.6,101
3784,2025-11-05,27,57.2,101
3785,2025-11-05,12,26.4,101
3786,2025-11-05,26,0.0,101
3787,2025-11-05,15,71.2,101
3788,2025-11-05,21,64.4,101
3789,2025-11-05,20,64.4,101
3790,2025-11-05,9,55.2,101
3791,2025-11-05,11,56.0,101
3792,2025-11-05,17,61.2,101
3793,2025-11-05,5,61.6,101
3794,2025-11-05,23,56.4,101
3795,2025-11-05,3,71.6,101
3796,2025-11-05,4,65.2,101
3797,2025-11-05,24,72.4,101
3798,2025-11-05,18,58.8,101
3799,2025-11-05,6,60.8,101
3800,2025-11-05,22,63.2,101
3801,2025-11-05,19,66.0,101
3802,2025-11-05,7,61.6,101
3803,2025-11-05,1,63.6,101
3804,2025-11-05,14,70.4,101
3805,2025-11-05,16,71.2,101
3806,2025-11-05,13,26.4,101
3807,2025-11-05,25,67.6,101
3808,2025-11-06,13,23.6,102
3809,2025-11-06,8,46.0,102
3810,2025-11-06,5,43.2,102
3811,2025-11-06,10,53.6,102
3812,2025-11-06,4,52.4,102
3813,2025-11-06,14,61.2,102
3814,2025-11-06,10,53.6,102
3815,2025-11-06,7,55.6,102
3816,2025-11-06,11,49.6,102
3817,2025-11-06,15,63.6,102
3818,2025-11-06,13,23.6,102
3819,2025-11-06,2,0.0,102
3820,2025-11-06,6,55.6,102
3821,2025-11-06,8,46.0,102
3822,2025-11-06,12,24.0,102
3823,2025-11-06,14,61.2,102
3824,2025-11-06,1,58.4,102
3825,2025-11-06,3,65.2,102
3826,2025-11-06,15,63.6,102
3827,2025-11-06,6,55.6,102
3828,2025-11-06,11,49.6,102
3829,2025-11-06,5,43.2,102
3830,2025-11-06,9,48.4,102
3831,2025-11-06,12,24.0,102
3832,2025-11-06,7,55.6,102
3833,2025-11-06,4,52.4,102
3834,2025-11-06,21,51.2,102
3835,2025-11-06,9,48.4,102
3836,2025-11-06,26,0.0,102
3837,2025-11-06,26,0.0,102
3838,2025-11-06,16,69.2,102
3839,2025-11-06,28,54.8,102
3840,2025-11-06,20,55.6,102
3841,2025-11-06,27,46.8,102
3842,2025-11-06,19,49.2,102
3843,2025-11-06,22,50.4,102
3844,2025-11-06,23,48.4,102
3845,2025-11-06,17,57.6,102
3846,2025-11-06,28,54.8,102
3847,2025-11-06,18,48.4,102
3848,2025-11-06,20,55.6,102
3849,2025-11-06,24,66.8,102
3850,2025-11-06,22,50.4,102
3851,2025-11-06,21,51.2,102
3852,2025-11-06,2,0.0,102
3853,2025-11-06,23,48.4,102
3854,2025-11-06,19,49.2,102
3855,2025-11-06,27,46.8,102
3856,2025-11-06,25,54.8,102
3857,2025-11-06,25,54.8,102
3858,2025-11-06,17,57.6,102
3859,2025-11-06,3,65.2,102
3860,2025-11-06,16,69.2,102
3861,2025-11-06,18,48.4,102
3862,2025-11-06,24,66.8,102
3863,2025-11-06,1,58.4,102
3864,2025-11-07,4,55.6,103
3865,2025-11-07,1,61.2,103
3866,2025-11-07,2,0.0,103
3867,2025-11-07,23,49.2,103
3868,2025-11-07,4,55.6,103
3869,2025-11-07,24,63.6,103
3870,2025-11-07,10,53.2,103
3871,2025-11-07,3,59.6,103
3872,2025-11-07,7,54.0,103
3873,2025-11-07,8,57.2,103
3874,2025-11-07,9,50.4,103
3875,2025-11-07,22,54.4,103
3876,2025-11-07,6,54.4,103
3877,2025-11-07,28,53.6,103
3878,2025-11-07,12,27.6,103
3879,2025-11-07,16,62.8,103
3880,2025-11-07,17,52.8,103
3881,2025-11-07,19,58.8,103
3882,2025-11-07,18,48.8,103
3883,2025-11-07,14,57.6,103
3884,2025-11-07,26,0.0,103
3885,2025-11-07,11,53.2,103
3886,2025-11-07,5,47.2,103
3887,2025-11-07,20,58.0,103
3888,2025-11-07,15,60.4,103
3889,2025-11-07,13,28.0,103
3890,2025-11-07,3,59.6,103
3891,2025-11-07,21,57.2,103
3892,2025-11-07,5,47.2,103
3893,2025-11-07,20,58.0,103
3894,2025-11-07,8,57.2,103
3895,2025-11-07,9,50.4,103
3896,2025-11-07,7,54.0,103
3897,2025-11-07,11,53.2,103
3898,2025-11-07,18,48.8,103
3899,2025-11-07,19,58.8,103
3900,2025-11-07,10,53.2,103
3901,2025-11-07,14,57.6,103
3902,2025-11-07,16,62.8,103
3903,2025-11-07,17,52.8,103
3904,2025-11-07,26,0.0,103
3905,2025-11-07,13,28.0,103
3906,2025-11-07,15,60.4,103
3907,2025-11-07,22,54.4,103
3908,2025-11-07,23,49.2,103
3909,2025-11-07,25,57.2,103
3910,2025-11-07,6,54.4,103
3911,2025-11-07,28,53.6,103
3912,2025-11-07,27,52.8,103
3913,2025-11-07,12,27.6,103
3914,2025-11-07,21,57.2,103
3915,2025-11-07,27,52.8,103
3916,2025-11-07,25,57.2,103
3917,2025-11-07,2,0.0,103
3918,2025-11-07,1,61.2,103
3919,2025-11-07,24,63.6,103
3920,2025-11-08,2,0.0,104
3921,2025-11-08,8,55.2,104
3922,2025-11-08,3,58.4,104
3923,2025-11-08,4,54.0,104
3924,2025-11-08,5,50.0,104
3925,2025-11-08,1,56.8,104
3926,2025-11-08,24,62.4,104
3927,2025-11-08,6,54.0,104
3928,2025-11-08,5,50.0,104
3929,2025-11-08,7,54.0,104
3930,2025-11-08,4,54.0,104
3931,2025-11-08,3,58.4,104
3932,2025-11-08,6,54.0,104
3933,2025-11-08,7,54.0,104
3934,2025-11-08,25,55.2,104
3935,2025-11-08,13,27.6,104
3936,2025-11-08,10,48.8,104
3937,2025-11-08,10,48.8,104
3938,2025-11-08,12,28.0,104
3939,2025-11-08,8,55.2,104
3940,2025-11-08,28,51.6,104
3941,2025-11-08,2,0.0,104
3942,2025-11-08,23,50.0,104
3943,2025-11-08,22,57.6,104
3944,2025-11-08,27,50.8,104
3945,2025-11-08,26,0.0,104
3946,2025-11-08,11,49.6,104
3947,2025-11-08,9,48.4,104
3948,2025-11-08,23,50.0,104
3949,2025-11-08,20,58.4,104
3950,2025-11-08,18,50.4,104
3951,2025-11-08,15,55.2,104
3952,2025-11-08,15,55.2,104
3953,2025-11-08,11,49.6,104
3954,2025-11-08,16,63.2,104
3955,2025-11-08,12,28.0,104
3956,2025-11-08,14,60.0,104
3957,2025-11-08,9,48.4,104
3958,2025-11-08,19,60.0,104
3959,2025-11-08,20,58.4,104
3960,2025-11-08,17,55.2,104
3961,2025-11-08,13,27.6,104
3962,2025-11-08,17,55.2,104
3963,2025-11-08,24,62.4,104
3964,2025-11-08,19,60.0,104
3965,2025-11-08,28,51.6,104
3966,2025-11-08,18,50.4,104
3967,2025-11-08,21,57.2,104
3968,2025-11-08,14,60.0,104
3969,2025-11-08,27,50.8,104
3970,2025-11-08,16,63.2,104
3971,2025-11-08,21,57.2,104
3972,2025-11-08,1,56.8,104
3973,2025-11-08,25,55.2,104
3974,2025-11-08,26,0.0,104
3975,2025-11-08,22,57.6,104
3976,2025-11-09,5,57.6,105
3977,2025-11-09,15,62.4,105
3978,2025-11-09,28,56.4,105
3979,2025-11-09,24,62.0,105
3980,2025-11-09,22,60.8,105
3981,2025-11-09,17,58.0,105
3982,2025-11-09,21,59.6,105
3983,2025-11-09,19,59.6,105
3984,2025-11-09,18,40.8,105
3985,2025-11-09,16,63.2,105
3986,2025-11-09,26,0.0,105
3987,2025-11-09,20,56.8,105
3988,2025-11-09,27,54.4,105
3989,2025-11-09,1,52.8,105
3990,2025-11-09,13,26.8,105
3991,2025-11-09,7,56.4,105
3992,2025-11-09,12,26.0,105
3993,2025-11-09,9,44.8,105
3994,2025-11-09,10,54.4,105
3995,2025-11-09,2,0.0,105
3996,2025-11-09,11,52.4,105
3997,2025-11-09,6,54.0,105
3998,2025-11-09,8,59.2,105
3999,2025-11-09,4,60.4,105
4000,2025-11-09,3,61.6,105
4001,2025-11-09,23,47.2,105
4002,2025-11-09,2,0.0,105
4003,2025-11-09,22,60.8,105
4004,2025-11-09,6,54.0,105
4005,2025-11-09,1,52.8,105
4006,2025-11-09,16,63.2,105
4007,2025-11-09,17,58.0,105
4008,2025-11-09,19,59.6,105
4009,2025-11-09,27,54.4,105
4010,2025-11-09,20,56.8,105
4011,2025-11-09,15,62.4,105
4012,2025-11-09,18,40.8,105
4013,2025-11-09,8,59.2,105
4014,2025-11-09,21,59.6,105
4015,2025-11-09,25,57.2,105
4016,2025-11-09,26,0.0,105
4017,2025-11-09,4,60.4,105
4018,2025-11-09,23,47.2,105
4019,2025-11-09,12,26.0,105
4020,2025-11-09,24,62.0,105
4021,2025-11-09,14,62.4,105
4022,2025-11-09,10,54.4,105
4023,2025-11-09,7,56.4,105
4024,2025-11-09,3,61.6,105
4025,2025-11-09,14,62.4,105
4026,2025-11-09,9,44.8,105
4027,2025-11-09,5,57.6,105
4028,2025-11-09,11,52.4,105
4029,2025-11-09,28,56.4,105
4030,2025-11-09,25,57.2,105
4031,2025-11-09,13,26.8,105
4032,2025-11-10,24,66.4,106
4033,2025-11-10,10,57.2,106
4034,2025-11-10,17,62.0,106
4035,2025-11-10,12,30.8,106
4036,2025-11-10,26,0.0,106
4037,2025-11-10,4,62.0,106
4038,2025-11-10,8,62.8,106
4039,2025-11-10,14,66.4,106
4040,2025-11-10,18,54.0,106
4041,2025-11-10,28,58.0,106
4042,2025-11-10,16,72.4,106
4043,2025-11-10,3,70.0,106
4044,2025-11-10,26,0.0,106
4045,2025-11-10,22,30.0,106
4046,2025-11-10,9,58.0,106
4047,2025-11-10,7,62.0,106
4048,2025-11-10,6,58.8,106
4049,2025-11-10,13,32.0,106
4050,2025-11-10,21,58.8,106
4051,2025-11-10,25,62.8,106
4052,2025-11-10,27,58.4,106
4053,2025-11-10,23,51.6,106
4054,2025-11-10,27,58.4,106
4055,2025-11-10,20,61.2,106
4056,2025-11-10,5,64.8,106
4057,2025-11-10,11,54.0,106
4058,2025-11-10,15,73.6,106
4059,2025-11-10,19,66.4,106
4060,2025-11-10,10,57.2,106
4061,2025-11-10,16,72.4,106
4062,2025-11-10,8,62.8,106
4063,2025-11-10,25,62.8,106
4064,2025-11-10,14,66.4,106
4065,2025-11-10,28,58.0,106
4066,2025-11-10,5,64.8,106
4067,2025-11-10,6,58.8,106
4068,2025-11-10,15,73.6,106
4069,2025-11-10,2,0.0,106
4070,2025-11-10,11,54.0,106
4071,2025-11-10,1,62.4,106
4072,2025-11-10,22,30.0,106
4073,2025-11-10,3,70.0,106
4074,2025-11-10,24,66.4,106
4075,2025-11-10,2,0.0,106
4076,2025-11-10,7,62.0,106
4077,2025-11-10,9,58.0,106
4078,2025-11-10,4,62.0,106
4079,2025-11-10,19,66.4,106
4080,2025-11-10,12,30.8,106
4081,2025-11-10,20,61.2,106
4082,2025-11-10,13,32.0,106
4083,2025-11-10,21,58.8,106
4084,2025-11-10,17,62.0,106
4085,2025-11-10,18,54.0,106
4086,2025-11-10,1,62.4,106
4087,2025-11-10,23,51.6,106
4088,2025-11-11,10,58.4,107
4089,2025-11-11,7,60.8,107
4090,2025-11-11,3,71.2,107
4091,2025-11-11,4,59.6,107
4092,2025-11-11,2,0.0,107
4093,2025-11-11,15,72.0,107
4094,2025-11-11,24,66.4,107
4095,2025-11-11,5,64.0,107
4096,2025-11-11,9,55.2,107
4097,2025-11-11,8,64.0,107
4098,2025-11-11,12,33.2,107
4099,2025-11-11,9,55.2,107
4100,2025-11-11,11,55.2,107
4101,2025-11-11,11,55.2,107
4102,2025-11-11,16,72.8,107
4103,2025-11-11,1,65.2,107
4104,2025-11-11,28,58.8,107
4105,2025-11-11,15,72.0,107
4106,2025-11-11,17,62.8,107
4107,2025-11-11,14,69.2,107
4108,2025-11-11,7,60.8,107
4109,2025-11-11,12,33.2,107
4110,2025-11-11,10,58.4,107
4111,2025-11-11,13,32.4,107
4112,2025-11-11,6,61.2,107
4113,2025-11-11,13,32.4,107
4114,2025-11-11,16,72.8,107
4115,2025-11-11,14,69.2,107
4116,2025-11-11,27,58.4,107
4117,2025-11-11,24,66.4,107
4118,2025-11-11,21,60.4,107
4119,2025-11-11,19,70.8,107
4120,2025-11-11,21,60.4,107
4121,2025-11-11,4,59.6,107
4122,2025-11-11,17,62.8,107
4123,2025-11-11,19,70.8,107
4124,2025-11-11,18,56.0,107
4125,2025-11-11,18,56.0,107
4126,2025-11-11,8,64.0,107
4127,2025-11-11,2,0.0,107
4128,2025-11-11,3,71.2,107
4129,2025-11-11,28,58.8,107
4130,2025-11-11,5,64.0,107
4131,2025-11-11,25,63.6,107
4132,2025-11-11,1,65.2,107
4133,2025-11-11,22,54.4,107
4134,2025-11-11,23,54.0,107
4135,2025-11-11,20,58.0,107
4136,2025-11-11,25,63.6,107
4137,2025-11-11,6,61.2,107
4138,2025-11-11,22,54.4,107
4139,2025-11-11,26,0.0,107
4140,2025-11-11,27,58.4,107
4141,2025-11-11,23,54.0,107
4142,2025-11-11,20,58.0,107
4143,2025-11-11,26,0.0,107
4144,2025-11-12,17,65.2,108
4145,2025-11-12,1,66.8,108
4146,2025-11-12,16,72.4,108
4147,2025-11-12,17,65.2,108
4148,2025-11-12,21,60.8,108
4149,2025-11-12,24,66.4,108
4150,2025-11-12,28,58.8,108
4151,2025-11-12,21,60.8,108
4152,2025-11-12,12,31.6,108
4153,2025-11-12,26,0.0,108
4154,2025-11-12,3,73.2,108
4155,2025-11-12,23,55.6,108
4156,2025-11-12,18,62.8,108
4157,2025-11-12,19,71.2,108
4158,2025-11-12,18,62.8,108
4159,2025-11-12,20,64.0,108
4160,2025-11-12,27,57.2,108
4161,2025-11-12,22,67.6,108
4162,2025-11-12,14,65.2,108
4163,2025-11-12,2,0.0,108
4164,2025-11-12,19,71.2,108
4165,2025-11-12,16,72.4,108
4166,2025-11-12,22,67.6,108
4167,2025-11-12,15,72.8,108
4168,2025-11-12,5,61.6,108
4169,2025-11-12,25,66.8,108
4170,2025-11-12,20,64.0,108
4171,2025-11-12,13,35.2,108
4172,2025-11-12,2,0.0,108
4173,2025-11-12,9,58.8,108
4174,2025-11-12,14,65.2,108
4175,2025-11-12,4,64.0,108
4176,2025-11-12,1,66.8,108
4177,2025-11-12,5,61.6,108
4178,2025-11-12,12,31.6,108
4179,2025-11-12,28,58.8,108
4180,2025-11-12,6,63.2,108
4181,2025-11-12,24,66.4,108
4182,2025-11-12,23,55.6,108
4183,2025-11-12,8,68.0,108
4184,2025-11-12,7,60.4,108
4185,2025-11-12,10,62.0,108
4186,2025-11-12,13,35.2,108
4187,2025-11-12,10,62.0,108
4188,2025-11-12,15,72.8,108
4189,2025-11-12,11,56.4,108
4190,2025-11-12,8,68.0,108
4191,2025-11-12,26,0.0,108
4192,2025-11-12,11,56.4,108
4193,2025-11-12,9,58.8,108
4194,2025-11-12,3,73.2,108
4195,2025-11-12,6,63.2,108
4196,2025-11-12,27,57.2,108
4197,2025-11-12,7,60.4,108
4198,2025-11-12,25,66.8,108
4199,2025-11-12,4,64.0,108
4200,2025-11-13,22,71.2,109
4201,2025-11-13,20,65.6,109
4202,2025-11-13,24,66.8,109
4203,2025-11-13,21,62.8,109
4204,2025-11-13,2,0.0,109
4205,2025-11-13,28,58.4,109
4206,2025-11-13,26,0.0,109
4207,2025-11-13,25,69.6,109
4208,2025-11-13,2,0.0,109
4209,2025-11-13,23,60.8,109
4210,2025-11-13,27,62.0,109
4211,2025-11-13,1,67.6,109
4212,2025-11-13,6,57.6,109
4213,2025-11-13,5,63.2,109
4214,2025-11-13,4,62.4,109
4215,2025-11-13,3,70.4,109
4216,2025-11-13,13,36.0,109
4217,2025-11-13,1,67.6,109
4218,2025-11-13,16,71.6,109
4219,2025-11-13,18,66.4,109
4220,2025-11-13,14,68.8,109
4221,2025-11-13,10,59.6,109
4222,2025-11-13,11,58.0,109
4223,2025-11-13,8,60.4,109
4224,2025-11-13,7,63.2,109
4225,2025-11-13,15,72.8,109
4226,2025-11-13,19,70.0,109
4227,2025-11-13,9,58.8,109
4228,2025-11-13,17,62.0,109
4229,2025-11-13,16,71.6,109
4230,2025-11-13,21,62.8,109
4231,2025-11-13,19,70.0,109
4232,2025-11-13,23,60.8,109
4233,2025-11-13,20,65.6,109
4234,2025-11-13,3,70.4,109
4235,2025-11-13,28,58.4,109
4236,2025-11-13,25,69.6,109
4237,2025-11-13,4,62.4,109
4238,2025-11-13,5,63.2,109
4239,2025-11-13,26,0.0,109
4240,2025-11-13,27,62.0,109
4241,2025-11-13,17,62.0,109
4242,2025-11-13,24,66.8,109
4243,2025-11-13,22,71.2,109
4244,2025-11-13,18,66.4,109
4245,2025-11-13,10,59.6,109
4246,2025-11-13,15,72.8,109
4247,2025-11-13,14,68.8,109
4248,2025-11-13,12,35.6,109
4249,2025-11-13,11,58.0,109
4250,2025-11-13,13,36.0,109
4251,2025-11-13,9,58.8,109
4252,2025-11-13,7,63.2,109
4253,2025-11-13,6,57.6,109
4254,2025-11-13,12,35.6,109
4255,2025-11-13,8,60.4,109
4256,2025-11-14,24,72.8,110
4257,2025-11-14,4,61.2,110
4258,2025-11-14,5,66.0,110
4259,2025-11-14,12,35.2,110
4260,2025-11-14,26,0.8,110
4261,2025-11-14,10,64.8,110
4262,2025-11-14,8,68.0,110
4263,2025-11-14,3,68.0,110
4264,2025-11-14,9,61.2,110
4265,2025-11-14,11,61.2,110
4266,2025-11-14,13,44.0,110
4267,2025-11-14,7,65.6,110
4268,2025-11-14,23,64.8,110
4269,2025-11-14,2,0.0,110
4270,2025-11-14,5,66.0,110
4271,2025-11-14,18,70.4,110
4272,2025-11-14,19,71.6,110
4273,2025-11-14,22,72.4,110
4274,2025-11-14,21,68.0,110
4275,2025-11-14,14,69.6,110
4276,2025-11-14,20,70.8,110
4277,2025-11-14,25,72.8,110
4278,2025-11-14,17,67.6,110
4279,2025-11-14,4,61.2,110
4280,2025-11-14,15,73.2,110
4281,2025-11-14,28,67.2,110
4282,2025-11-14,16,77.6,110
4283,2025-11-14,6,67.2,110
4284,2025-11-14,1,69.2,110
4285,2025-11-14,6,67.2,110
4286,2025-11-14,20,70.8,110
4287,2025-11-14,16,77.6,110
4288,2025-11-14,18,70.4,110
4289,2025-11-14,24,72.8,110
4290,2025-11-14,25,72.8,110
4291,2025-11-14,21,68.0,110
4292,2025-11-14,17,67.6,110
4293,2025-11-14,14,69.6,110
4294,2025-11-14,19,71.6,110
4295,2025-11-14,27,64.4,110
4296,2025-11-14,23,64.8,110
4297,2025-11-14,28,67.2,110
4298,2025-11-14,27,64.4,110
4299,2025-11-14,3,68.0,110
4300,2025-11-14,22,72.4,110
4301,2025-11-14,13,44.0,110
4302,2025-11-14,11,61.2,110
4303,2025-11-14,8,68.0,110
4304,2025-11-14,9,61.2,110
4305,2025-11-14,2,0.0,110
4306,2025-11-14,10,64.8,110
4307,2025-11-14,15,73.2,110
4308,2025-11-14,12,35.2,110
4309,2025-11-14,1,69.2,110
4310,2025-11-14,26,0.8,110
4311,2025-11-14,7,65.6,110
4312,2025-11-15,12,36.0,111
4313,2025-11-15,19,75.6,111
4314,2025-11-15,2,0.0,111
4315,2025-11-15,28,65.2,111
4316,2025-11-15,17,68.0,111
4317,2025-11-15,1,71.6,111
4318,2025-11-15,11,60.8,111
4319,2025-11-15,24,71.6,111
4320,2025-11-15,23,62.8,111
4321,2025-11-15,5,64.0,111
4322,2025-11-15,15,72.4,111
4323,2025-11-15,9,63.2,111
4324,2025-11-15,14,67.2,111
4325,2025-11-15,20,67.2,111
4326,2025-11-15,6,64.4,111
4327,2025-11-15,5,64.0,111
4328,2025-11-15,21,67.6,111
4329,2025-11-15,16,76.8,111
4330,2025-11-15,25,73.2,111
4331,2025-11-15,13,43.6,111
4332,2025-11-15,27,63.2,111
4333,2025-11-15,10,65.2,111
4334,2025-11-15,22,66.8,111
4335,2025-11-15,8,70.8,111
4336,2025-11-15,6,64.4,111
4337,2025-11-15,7,62.4,111
4338,2025-11-15,18,66.0,111
4339,2025-11-15,26,2.4,111
4340,2025-11-15,3,72.0,111
4341,2025-11-15,13,43.6,111
4342,2025-11-15,15,72.4,111
4343,2025-11-15,28,65.2,111
4344,2025-11-15,20,67.2,111
4345,2025-11-15,12,36.0,111
4346,2025-11-15,24,71.6,111
4347,2025-11-15,7,62.4,111
4348,2025-11-15,21,67.6,111
4349,2025-11-15,4,64.8,111
4350,2025-11-15,22,66.8,111
4351,2025-11-15,10,65.2,111
4352,2025-11-15,1,71.6,111
4353,2025-11-15,9,63.2,111
4354,2025-11-15,23,62.8,111
4355,2025-11-15,14,67.2,111
4356,2025-11-15,4,64.8,111
4357,2025-11-15,18,66.0,111
4358,2025-11-15,16,76.8,111
4359,2025-11-15,2,0.0,111
4360,2025-11-15,8,70.8,111
4361,2025-11-15,19,75.6,111
4362,2025-11-15,3,72.0,111
4363,2025-11-15,27,63.2,111
4364,2025-11-15,11,60.8,111
4365,2025-11-15,17,68.0,111
4366,2025-11-15,26,2.4,111
4367,2025-11-15,25,73.2,111
4368,2025-11-16,11,55.2,112
4369,2025-11-16,8,69.6,112
4370,2025-11-16,1,66.4,112
4371,2025-11-16,2,0.0,112
4372,2025-11-16,13,40.0,112
4373,2025-11-16,3,70.8,112
4374,2025-11-16,4,61.6,112
4375,2025-11-16,10,60.4,112
4376,2025-11-16,14,68.0,112
4377,2025-11-16,12,34.4,112
4378,2025-11-16,5,61.6,112
4379,2025-11-16,9,59.6,112
4380,2025-11-16,15,71.2,112
4381,2025-11-16,4,61.6,112
4382,2025-11-16,7,66.4,112
4383,2025-11-16,19,67.2,112
4384,2025-11-16,16,68.4,112
4385,2025-11-16,18,64.8,112
4386,2025-11-16,13,40.0,112
4387,2025-11-16,20,67.2,112
4388,2025-11-16,15,71.2,112
4389,2025-11-16,17,63.2,112
4390,2025-11-16,11,55.2,112
4391,2025-11-16,6,64.4,112
4392,2025-11-16,14,68.0,112
4393,2025-11-16,21,64.4,112
4394,2025-11-16,3,70.8,112
4395,2025-11-16,10,60.4,112
4396,2025-11-16,28,61.6,112
4397,2025-11-16,17,63.2,112
4398,2025-11-16,5,61.6,112
4399,2025-11-16,23,59.6,112
4400,2025-11-16,22,66.4,112
4401,2025-11-16,21,64.4,112
4402,2025-11-16,7,66.4,112
4403,2025-11-16,20,67.2,112
4404,2025-11-16,19,67.2,112
4405,2025-11-16,18,64.8,112
4406,2025-11-16,6,64.4,112
4407,2025-11-16,24,59.6,112
4408,2025-11-16,23,59.6,112
4409,2025-11-16,24,59.6,112
4410,2025-11-16,22,66.4,112
4411,2025-11-16,27,62.4,112
4412,2025-11-16,1,66.4,112
4413,2025-11-16,2,0.0,112
4414,2025-11-16,25,67.2,112
4415,2025-11-16,9,59.6,112
4416,2025-11-16,26,3.2,112
4417,2025-11-16,8,69.6,112
4418,2025-11-16,28,61.6,112
4419,2025-11-16,26,3.2,112
4420,2025-11-16,27,62.4,112
4421,2025-11-16,12,34.4,112
4422,2025-11-16,25,67.2,112
4423,2025-11-16,16,68.4,112
4424,2025-11-17,11,52.4,113
4425,2025-11-17,6,65.6,113
4426,2025-11-17,9,62.0,113
4427,2025-11-17,15,75.2,113
4428,2025-11-17,3,73.2,113
4429,2025-11-17,5,68.0,113
4430,2025-11-17,7,67.2,113
4431,2025-11-17,21,67.6,113
4432,2025-11-17,2,0.0,113
4433,2025-11-17,10,63.2,113
4434,2025-11-17,1,72.4,113
4435,2025-11-17,4,67.2,113
4436,2025-11-17,13,43.6,113
4437,2025-11-17,23,62.4,113
4438,2025-11-17,20,68.4,113
4439,2025-11-17,2,0.0,113
4440,2025-11-17,16,80.0,113
4441,2025-11-17,17,68.8,113
4442,2025-11-17,19,77.2,113
4443,2025-11-17,18,64.8,113
4444,2025-11-17,22,65.6,113
4445,2025-11-17,24,73.6,113
4446,2025-11-17,28,64.4,113
4447,2025-11-17,27,51.2,113
4448,2025-11-17,14,68.8,113
4449,2025-11-17,12,36.0,113
4450,2025-11-17,15,75.2,113
4451,2025-11-17,8,68.4,113
4452,2025-11-17,3,73.2,113
4453,2025-11-17,9,62.0,113
4454,2025-11-17,22,65.6,113
4455,2025-11-17,27,51.2,113
4456,2025-11-17,1,72.4,113
4457,2025-11-17,24,73.6,113
4458,2025-11-17,19,77.2,113
4459,2025-11-17,20,68.4,113
4460,2025-11-17,21,67.6,113
4461,2025-11-17,25,72.4,113
4462,2025-11-17,6,65.6,113
4463,2025-11-17,26,1.2,113
4464,2025-11-17,23,62.4,113
4465,2025-11-17,28,64.4,113
4466,2025-11-17,26,1.2,113
4467,2025-11-17,18,64.8,113
4468,2025-11-17,16,80.0,113
4469,2025-11-17,10,63.2,113
4470,2025-11-17,14,68.8,113
4471,2025-11-17,13,43.6,113
4472,2025-11-17,12,36.0,113
4473,2025-11-17,11,52.4,113
4474,2025-11-17,25,72.4,113
4475,2025-11-17,8,68.4,113
4476,2025-11-17,4,67.2,113
4477,2025-11-17,5,68.0,113
4478,2025-11-17,17,68.8,113
4479,2025-11-17,7,67.2,113
4480,2025-11-18,16,73.6,114
4481,2025-11-18,22,71.6,114
4482,2025-11-18,23,66.4,114
4483,2025-11-18,27,57.2,114
4484,2025-11-18,19,75.2,114
4485,2025-11-18,2,0.0,114
4486,2025-11-18,26,0.0,114
4487,2025-11-18,25,72.0,114
4488,2025-11-18,28,67.2,114
4489,2025-11-18,1,74.4,114
4490,2025-11-18,20,72.4,114
4491,2025-11-18,27,57.2,114
4492,2025-11-18,21,68.0,114
4493,2025-11-18,8,65.6,114
4494,2025-11-18,11,59.6,114
4495,2025-11-18,4,65.6,114
4496,2025-11-18,15,73.2,114
4497,2025-11-18,12,38.0,114
4498,2025-11-18,13,39.6,114
4499,2025-11-18,7,70.4,114
4500,2025-11-18,14,68.8,114
4501,2025-11-18,9,64.0,114
4502,2025-11-18,17,68.8,114
4503,2025-11-18,6,71.2,114
4504,2025-11-18,5,65.2,114
4505,2025-11-18,24,62.0,114
4506,2025-11-18,18,71.6,114
4507,2025-11-18,10,64.0,114
4508,2025-11-18,19,75.2,114
4509,2025-11-18,13,39.6,114
4510,2025-11-18,6,71.2,114
4511,2025-11-18,9,64.0,114
4512,2025-11-18,7,70.4,114
4513,2025-11-18,5,65.2,114
4514,2025-11-18,10,64.0,114
4515,2025-11-18,12,38.0,114
4516,2025-11-18,8,65.6,114
4517,2025-11-18,1,74.4,114
4518,2025-11-18,28,67.2,114
4519,2025-11-18,2,0.0,114
4520,2025-11-18,11,59.6,114
4521,2025-11-18,4,65.6,114
4522,2025-11-18,3,74.4,114
4523,2025-11-18,20,72.4,114
4524,2025-11-18,26,0.0,114
4525,2025-11-18,23,66.4,114
4526,2025-11-18,15,73.2,114
4527,2025-11-18,22,71.6,114
4528,2025-11-18,14,68.8,114
4529,2025-11-18,16,73.6,114
4530,2025-11-18,24,62.0,114
4531,2025-11-18,17,68.8,114
4532,2025-11-18,18,71.6,114
4533,2025-11-18,25,72.0,114
4534,2025-11-18,3,74.4,114
4535,2025-11-18,21,68.0,114
4536,2025-11-19,13,36.8,115
4537,2025-11-19,8,64.4,115
4538,2025-11-19,13,36.8,115
4539,2025-11-19,14,59.6,115
4540,2025-11-19,26,0.0,115
4541,2025-11-19,12,34.4,115
4542,2025-11-19,10,62.4,115
4543,2025-11-19,4,60.8,115
4544,2025-11-19,5,62.8,115
4545,2025-11-19,11,54.4,115
4546,2025-11-19,16,66.8,115
4547,2025-11-19,12,34.4,115
4548,2025-11-19,15,74.4,115
4549,2025-11-19,16,66.8,115
4550,2025-11-19,10,62.4,115
4551,2025-11-19,18,59.2,115
4552,2025-11-19,7,66.8,115
4553,2025-11-19,17,66.4,115
4554,2025-11-19,6,63.2,115
4555,2025-11-19,14,59.6,115
4556,2025-11-19,2,0.0,115
4557,2025-11-19,11,54.4,115
4558,2025-11-19,6,63.2,115
4559,2025-11-19,9,63.6,115
4560,2025-11-19,1,70.8,115
4561,2025-11-19,3,67.2,115
4562,2025-11-19,7,66.8,115
4563,2025-11-19,15,74.4,115
4564,2025-11-19,5,62.8,115
4565,2025-11-19,9,63.6,115
4566,2025-11-19,26,0.0,115
4567,2025-11-19,2,0.0,115
4568,2025-11-19,1,70.8,115
4569,2025-11-19,27,63.2,115
4570,2025-11-19,17,66.4,115
4571,2025-11-19,28,62.0,115
4572,2025-11-19,18,59.2,115
4573,2025-11-19,19,70.8,115
4574,2025-11-19,24,79.2,115
4575,2025-11-19,23,63.6,115
4576,2025-11-19,21,63.6,115
4577,2025-11-19,24,79.2,115
4578,2025-11-19,19,70.8,115
4579,2025-11-19,25,72.0,115
4580,2025-11-19,20,68.4,115
4581,2025-11-19,21,63.6,115
4582,2025-11-19,23,63.6,115
4583,2025-11-19,28,62.0,115
4584,2025-11-19,8,64.4,115
4585,2025-11-19,20,68.4,115
4586,2025-11-19,25,72.0,115
4587,2025-11-19,3,67.2,115
4588,2025-11-19,22,67.6,115
4589,2025-11-19,22,67.6,115
4590,2025-11-19,4,60.8,115
4591,2025-11-19,27,63.2,115
4592,2025-11-20,19,71.2,116
4593,2025-11-20,1,65.2,116
4594,2025-11-20,15,76.4,116
4595,2025-11-20,14,56.8,116
4596,2025-11-20,27,62.4,116
4597,2025-11-20,9,60.0,116
4598,2025-11-20,10,62.0,116
4599,2025-11-20,11,60.8,116
4600,2025-11-20,19,71.2,116
4601,2025-11-20,2,0.0,116
4602,2025-11-20,5,64.4,116
4603,2025-11-20,16,73.2,116
4604,2025-11-20,12,34.4,116
4605,2025-11-20,21,64.4,116
4606,2025-11-20,25,66.4,116
4607,2025-11-20,4,62.0,116
4608,2025-11-20,28,59.6,116
4609,2025-11-20,3,67.6,116
4610,2025-11-20,24,67.2,116
4611,2025-11-20,6,64.4,116
4612,2025-11-20,22,68.4,116
4613,2025-11-20,26,1.2,116
4614,2025-11-20,20,73.2,116
4615,2025-11-20,23,63.2,116
4616,2025-11-20,20,73.2,116
4617,2025-11-20,13,43.6,116
4618,2025-11-20,17,70.4,116
4619,2025-11-20,18,62.4,116
4620,2025-11-20,28,59.6,116
4621,2025-11-20,18,62.4,116
4622,2025-11-20,7,63.6,116
4623,2025-11-20,10,62.0,116
4624,2025-11-20,5,64.4,116
4625,2025-11-20,8,59.6,116
4626,2025-11-20,3,67.6,116
4627,2025-11-20,14,56.8,116
4628,2025-11-20,6,64.4,116
4629,2025-11-20,16,73.2,116
4630,2025-11-20,11,60.8,116
4631,2025-11-20,13,43.6,116
4632,2025-11-20,9,60.0,116
4633,2025-11-20,15,76.4,116
4634,2025-11-20,8,59.6,116
4635,2025-11-20,26,1.2,116
4636,2025-11-20,12,34.4,116
4637,2025-11-20,27,62.4,116
4638,2025-11-20,2,0.0,116
4639,2025-11-20,22,68.4,116
4640,2025-11-20,25,66.4,116
4641,2025-11-20,7,63.6,116
4642,2025-11-20,17,70.4,116
4643,2025-11-20,21,64.4,116
4644,2025-11-20,1,65.2,116
4645,2025-11-20,24,67.2,116
4646,2025-11-20,23,63.2,116
4647,2025-11-20,4,62.0,116
4648,2025-11-21,15,72.4,117
4649,2025-11-21,1,69.2,117
4650,2025-11-21,16,65.6,117
4651,2025-11-21,14,52.8,117
4652,2025-11-21,2,0.0,117
4653,2025-11-21,19,70.0,117
4654,2025-11-21,18,61.2,117
4655,2025-11-21,11,60.8,117
4656,2025-11-21,9,59.2,117
4657,2025-11-21,26,2.4,117
4658,2025-11-21,25,72.4,117
4659,2025-11-21,17,64.8,117
4660,2025-11-21,12,34.0,117
4661,2025-11-21,22,68.8,117
4662,2025-11-21,3,64.4,117
4663,2025-11-21,28,58.8,117
4664,2025-11-21,10,64.8,117
4665,2025-11-21,6,66.0,117
4666,2025-11-21,28,58.8,117
4667,2025-11-21,5,60.8,117
4668,2025-11-21,14,52.8,117
4669,2025-11-21,8,64.0,117
4670,2025-11-21,13,45.2,117
4671,2025-11-21,7,67.2,117
4672,2025-11-21,27,65.6,117
4673,2025-11-21,15,72.4,117
4674,2025-11-21,13,45.2,117
4675,2025-11-21,4,63.2,117
4676,2025-11-21,26,2.4,117
4677,2025-11-21,4,63.2,117
4678,2025-11-21,23,64.8,117
4679,2025-11-21,9,59.2,117
4680,2025-11-21,8,64.0,117
4681,2025-11-21,19,70.0,117
4682,2025-11-21,24,72.0,117
4683,2025-11-21,16,65.6,117
4684,2025-11-21,2,0.0,117
4685,2025-11-21,1,69.2,117
4686,2025-11-21,23,64.8,117
4687,2025-11-21,25,72.4,117
4688,2025-11-21,12,34.0,117
4689,2025-11-21,24,72.0,117
4690,2025-11-21,11,60.8,117
4691,2025-11-21,18,61.2,117
4692,2025-11-21,21,64.8,117
4693,2025-11-21,27,65.6,117
4694,2025-11-21,7,67.2,117
4695,2025-11-21,20,68.0,117
4696,2025-11-21,17,64.8,117
4697,2025-11-21,5,60.8,117
4698,2025-11-21,20,68.0,117
4699,2025-11-21,6,66.0,117
4700,2025-11-21,21,64.8,117
4701,2025-11-21,3,64.4,117
4702,2025-11-21,10,64.8,117
4703,2025-11-21,22,68.8,117
4704,2025-11-22,22,67.6,118
4705,2025-11-22,11,60.8,118
4706,2025-11-22,3,73.2,118
4707,2025-11-22,4,62.0,118
4708,2025-11-22,17,71.2,118
4709,2025-11-22,6,63.6,118
4710,2025-11-22,24,75.6,118
4711,2025-11-22,10,66.4,118
4712,2025-11-22,11,60.8,118
4713,2025-11-22,1,69.2,118
4714,2025-11-22,18,59.6,118
4715,2025-11-22,21,70.8,118
4716,2025-11-22,19,74.4,118
4717,2025-11-22,12,34.0,118
4718,2025-11-22,16,70.0,118
4719,2025-11-22,9,63.6,118
4720,2025-11-22,14,56.4,118
4721,2025-11-22,15,76.8,118
4722,2025-11-22,2,0.0,118
4723,2025-11-22,20,72.8,118
4724,2025-11-22,5,60.8,118
4725,2025-11-22,13,48.4,118
4726,2025-11-22,12,34.0,118
4727,2025-11-22,23,65.2,118
4728,2025-11-22,7,69.2,118
4729,2025-11-22,13,48.4,118
4730,2025-11-22,14,56.4,118
4731,2025-11-22,8,62.0,118
4732,2025-11-22,19,74.4,118
4733,2025-11-22,26,4.0,118
4734,2025-11-22,1,69.2,118
4735,2025-11-22,22,67.6,118
4736,2025-11-22,9,63.6,118
4737,2025-11-22,2,0.0,118
4738,2025-11-22,27,67.6,118
4739,2025-11-22,4,62.0,118
4740,2025-11-22,21,70.8,118
4741,2025-11-22,20,72.8,118
4742,2025-11-22,25,71.2,118
4743,2025-11-22,15,76.8,118
4744,2025-11-22,25,71.2,118
4745,2025-11-22,5,60.8,118
4746,2025-11-22,18,59.6,118
4747,2025-11-22,27,67.6,118
4748,2025-11-22,28,49.6,118
4749,2025-11-22,8,62.0,118
4750,2025-11-22,10,66.4,118
4751,2025-11-22,3,73.2,118
4752,2025-11-22,16,70.0,118
4753,2025-11-22,26,4.0,118
4754,2025-11-22,23,65.2,118
4755,2025-11-22,17,71.2,118
4756,2025-11-22,6,63.6,118
4757,2025-11-22,7,69.2,118
4758,2025-11-22,28,49.6,118
4759,2025-11-22,24,75.6,118
4760,2025-11-23,6,63.2,119
4761,2025-11-23,24,69.6,119
4762,2025-11-23,14,50.8,119
4763,2025-11-23,27,63.2,119
4764,2025-11-23,25,68.8,119
4765,2025-11-23,19,71.2,119
4766,2025-11-23,9,63.6,119
4767,2025-11-23,27,63.2,119
4768,2025-11-23,10,65.6,119
4769,2025-11-23,22,62.8,119
4770,2025-11-23,12,35.6,119
4771,2025-11-23,25,68.8,119
4772,2025-11-23,11,52.0,119
4773,2025-11-23,5,62.8,119
4774,2025-11-23,7,67.2,119
4775,2025-11-23,28,42.4,119
4776,2025-11-23,26,0.8,119
4777,2025-11-23,2,0.0,119
4778,2025-11-23,17,62.4,119
4779,2025-11-23,15,76.0,119
4780,2025-11-23,8,54.0,119
4781,2025-11-23,21,66.4,119
4782,2025-11-23,28,42.4,119
4783,2025-11-23,26,0.8,119
4784,2025-11-23,18,60.8,119
4785,2025-11-23,16,68.0,119
4786,2025-11-23,4,60.8,119
4787,2025-11-23,20,70.0,119
4788,2025-11-23,16,68.0,119
4789,2025-11-23,23,62.8,119
4790,2025-11-23,3,69.6,119
4791,2025-11-23,12,35.6,119
4792,2025-11-23,13,52.8,119
4793,2025-11-23,1,60.4,119
4794,2025-11-23,3,69.6,119
4795,2025-11-23,4,60.8,119
4796,2025-11-23,23,62.8,119
4797,2025-11-23,10,65.6,119
4798,2025-11-23,17,62.4,119
4799,2025-11-23,8,54.0,119
4800,2025-11-23,5,62.8,119
4801,2025-11-23,6,63.2,119
4802,2025-11-23,18,60.8,119
4803,2025-11-23,13,52.8,119
4804,2025-11-23,19,71.2,119
4805,2025-11-23,7,67.2,119
4806,2025-11-23,2,0.0,119
4807,2025-11-23,20,70.0,119
4808,2025-11-23,15,76.0,119
4809,2025-11-23,21,66.4,119
4810,2025-11-23,22,62.8,119
4811,2025-11-23,24,69.6,119
4812,2025-11-23,9,63.6,119
4813,2025-11-23,1,60.4,119
4814,2025-11-23,14,50.8,119
4815,2025-11-23,11,52.0,119
4816,2025-11-24,4,63.6,120
4817,2025-11-24,27,60.8,120
4818,2025-11-24,25,64.0,120
4819,2025-11-24,23,63.2,120
4820,2025-11-24,22,60.8,120
4821,2025-11-24,17,64.8,120
4822,2025-11-24,18,59.2,120
4823,2025-11-24,16,72.4,120
4824,2025-11-24,15,74.4,120
4825,2025-11-24,13,54.8,120
4826,2025-11-24,24,71.2,120
4827,2025-11-24,11,51.6,120
4828,2025-11-24,2,0.0,120
4829,2025-11-24,14,50.4,120
4830,2025-11-24,6,66.4,120
4831,2025-11-24,26,0.8,120
4832,2025-11-24,1,61.6,120
4833,2025-11-24,12,37.6,120
4834,2025-11-24,3,67.6,120
4835,2025-11-24,9,62.4,120
4836,2025-11-24,8,62.4,120
4837,2025-11-24,21,67.2,120
4838,2025-11-24,7,67.6,120
4839,2025-11-24,28,46.8,120
4840,2025-11-24,5,66.0,120
4841,2025-11-24,10,60.0,120
4842,2025-11-24,19,73.2,120
4843,2025-11-24,20,69.6,120
4844,2025-11-24,26,0.8,120
4845,2025-11-24,13,54.8,120
4846,2025-11-24,23,63.2,120
4847,2025-11-24,17,64.8,120
4848,2025-11-24,25,64.0,120
4849,2025-11-24,2,0.0,120
4850,2025-11-24,28,46.8,120
4851,2025-11-24,3,67.6,120
4852,2025-11-24,22,60.8,120
4853,2025-11-24,21,67.2,120
4854,2025-11-24,20,69.6,120
4855,2025-11-24,18,59.2,120
4856,2025-11-24,27,60.8,120
4857,2025-11-24,6,66.4,120
4858,2025-11-24,4,63.6,120
4859,2025-11-24,14,50.4,120
4860,2025-11-24,9,62.4,120
4861,2025-11-24,10,60.0,120
4862,2025-11-24,1,61.6,120
4863,2025-11-24,16,72.4,120
4864,2025-11-24,24,71.2,120
4865,2025-11-24,15,74.4,120
4866,2025-11-24,11,51.6,120
4867,2025-11-24,8,62.4,120
4868,2025-11-24,19,73.2,120
4869,2025-11-24,5,66.0,120
4870,2025-11-24,7,67.6,120
4871,2025-11-24,12,37.6,120
4872,2025-11-25,19,77.6,121
4873,2025-11-25,1,62.0,121
4874,2025-11-25,15,80.4,121
4875,2025-11-25,27,65.2,121
4876,2025-11-25,20,73.2,121
4877,2025-11-25,28,54.0,121
4878,2025-11-25,24,60.8,121
4879,2025-11-25,21,70.0,121
4880,2025-11-25,26,4.8,121
4881,2025-11-25,18,68.4,121
4882,2025-11-25,22,66.8,121
4883,2025-11-25,25,65.2,121
4884,2025-11-25,17,70.4,121
4885,2025-11-25,2,0.0,121
4886,2025-11-25,7,65.2,121
4887,2025-11-25,8,71.6,121
4888,2025-11-25,2,0.0,121
4889,2025-11-25,4,65.2,121
4890,2025-11-25,12,40.4,121
4891,2025-11-25,23,62.8,121
4892,2025-11-25,3,70.8,121
4893,2025-11-25,10,64.4,121
4894,2025-11-25,11,53.2,121
4895,2025-11-25,14,54.0,121
4896,2025-11-25,6,65.2,121
4897,2025-11-25,16,78.0,121
4898,2025-11-25,13,56.8,121
4899,2025-11-25,9,62.0,121
4900,2025-11-25,6,65.2,121
4901,2025-11-25,13,56.8,121
4902,2025-11-25,26,4.8,121
4903,2025-11-25,18,68.4,121
4904,2025-11-25,28,54.0,121
4905,2025-11-25,20,73.2,121
4906,2025-11-25,24,60.8,121
4907,2025-11-25,21,70.0,121
4908,2025-11-25,22,66.8,121
4909,2025-11-25,10,64.4,121
4910,2025-11-25,1,62.0,121
4911,2025-11-25,23,62.8,121
4912,2025-11-25,15,80.4,121
4913,2025-11-25,5,66.8,121
4914,2025-11-25,25,65.2,121
4915,2025-11-25,4,65.2,121
4916,2025-11-25,19,77.6,121
4917,2025-11-25,17,70.4,121
4918,2025-11-25,3,70.8,121
4919,2025-11-25,14,54.0,121
4920,2025-11-25,9,62.0,121
4921,2025-11-25,5,66.8,121
4922,2025-11-25,16,78.0,121
4923,2025-11-25,7,65.2,121
4924,2025-11-25,8,71.6,121
4925,2025-11-25,27,65.2,121
4926,2025-11-25,11,53.2,121
4927,2025-11-25,12,40.4,121
4928,2025-11-26,26,6.0,122
4929,2025-11-26,13,61.2,122
4930,2025-11-26,24,82.4,122
4931,2025-11-26,21,72.4,122
4932,2025-11-26,20,71.2,122
4933,2025-11-26,18,71.6,122
4934,2025-11-26,14,64.0,122
4935,2025-11-26,19,77.2,122
4936,2025-11-26,27,62.0,122
4937,2025-11-26,25,71.2,122
4938,2025-11-26,22,74.0,122
4939,2025-11-26,17,69.2,122
4940,2025-11-26,9,63.2,122
4941,2025-11-26,8,74.0,122
4942,2025-11-26,15,79.6,122
4943,2025-11-26,7,72.8,122
4944,2025-11-26,2,0.0,122
4945,2025-11-26,12,38.8,122
4946,2025-11-26,11,58.4,122
4947,2025-11-26,10,68.0,122
4948,2025-11-26,23,65.2,122
4949,2025-11-26,4,66.0,122
4950,2025-11-26,5,72.8,122
4951,2025-11-26,3,74.4,122
4952,2025-11-26,28,68.0,122
4953,2025-11-26,6,70.0,122
4954,2025-11-26,1,68.4,122
4955,2025-11-26,16,80.0,122
4956,2025-11-26,6,70.0,122
4957,2025-11-26,18,71.6,122
4958,2025-11-26,2,0.0,122
4959,2025-11-26,20,71.2,122
4960,2025-11-26,22,74.0,122
4961,2025-11-26,28,68.0,122
4962,2025-11-26,23,65.2,122
4963,2025-11-26,5,72.8,122
4964,2025-11-26,24,82.4,122
4965,2025-11-26,25,71.2,122
4966,2025-11-26,19,77.2,122
4967,2025-11-26,4,66.0,122
4968,2025-11-26,27,62.0,122
4969,2025-11-26,26,6.0,122
4970,2025-11-26,13,61.2,122
4971,2025-11-26,11,58.4,122
4972,2025-11-26,15,79.6,122
4973,2025-11-26,21,72.4,122
4974,2025-11-26,10,68.0,122
4975,2025-11-26,16,80.0,122
4976,2025-11-26,17,69.2,122
4977,2025-11-26,7,72.8,122
4978,2025-11-26,1,68.4,122
4979,2025-11-26,9,63.2,122
4980,2025-11-26,12,38.8,122
4981,2025-11-26,14,64.0,122
4982,2025-11-26,3,74.4,122
4983,2025-11-26,8,74.0,122
4984,2025-11-27,16,73.2,123
4985,2025-11-27,28,67.6,123
4986,2025-11-27,27,57.2,123
4987,2025-11-27,17,65.6,123
4988,2025-11-27,24,74.8,123
4989,2025-11-27,22,67.6,123
4990,2025-11-27,14,58.8,123
4991,2025-11-27,25,73.2,123
4992,2025-11-27,23,60.8,123
4993,2025-11-27,20,57.2,123
4994,2025-11-27,19,77.6,123
4995,2025-11-27,18,64.0,123
4996,2025-11-27,21,68.0,123
4997,2025-11-27,9,58.4,123
4998,2025-11-27,8,62.4,123
4999,2025-11-27,15,70.0,123
5000,2025-11-27,13,53.2,123
5001,2025-11-27,7,52.4,123
5002,2025-11-27,11,60.0,123
5003,2025-11-27,4,63.6,123
5004,2025-11-27,5,65.6,123
5005,2025-11-27,6,63.2,123
5006,2025-11-27,12,36.4,123
5007,2025-11-27,2,0.0,123
5008,2025-11-27,1,56.4,123
5009,2025-11-27,3,64.8,123
5010,2025-11-27,10,64.0,123
5011,2025-11-27,26,8.0,123
5012,2025-11-27,13,53.2,123
5013,2025-11-27,27,57.2,123
5014,2025-11-27,15,70.0,123
5015,2025-11-27,16,73.2,123
5016,2025-11-27,17,65.6,123
5017,2025-11-27,25,73.2,123
5018,2025-11-27,21,68.0,123
5019,2025-11-27,18,64.0,123
5020,2025-11-27,19,77.6,123
5021,2025-11-27,14,58.8,123
5022,2025-11-27,22,67.6,123
5023,2025-11-27,23,60.8,123
5024,2025-11-27,24,74.8,123
5025,2025-11-27,28,67.6,123
5026,2025-11-27,20,57.2,123
5027,2025-11-27,26,8.0,123
5028,2025-11-27,4,63.6,123
5029,2025-11-27,1,56.4,123
5030,2025-11-27,2,0.0,123
5031,2025-11-27,9,58.4,123
5032,2025-11-27,5,65.6,123
5033,2025-11-27,10,64.0,123
5034,2025-11-27,3,64.8,123
5035,2025-11-27,8,62.4,123
5036,2025-11-27,12,36.4,123
5037,2025-11-27,11,60.0,123
5038,2025-11-27,6,63.2,123
5039,2025-11-27,7,52.4,123
5040,2025-11-28,11,63.6,124
5041,2025-11-28,3,62.0,124
5042,2025-11-28,7,54.4,124
5043,2025-11-28,13,55.2,124
5044,2025-11-28,10,62.0,124
5045,2025-11-28,6,70.8,124
5046,2025-11-28,27,56.0,124
5047,2025-11-28,20,50.0,124
5048,2025-11-28,8,69.2,124
5049,2025-11-28,14,66.0,124
5050,2025-11-28,5,69.6,124
5051,2025-11-28,2,0.0,124
5052,2025-11-28,22,67.6,124
5053,2025-11-28,28,70.0,124
5054,2025-11-28,15,64.0,124
5055,2025-11-28,19,74.0,124
5056,2025-11-28,1,66.4,124
5057,2025-11-28,16,73.2,124
5058,2025-11-28,24,74.4,124
5059,2025-11-28,12,36.8,124
5060,2025-11-28,25,69.2,124
5061,2025-11-28,21,74.8,124
5062,2025-11-28,26,7.2,124
5063,2025-11-28,23,55.2,124
5064,2025-11-28,18,55.2,124
5065,2025-11-28,9,56.0,124
5066,2025-11-28,4,74.4,124
5067,2025-11-28,17,59.6,124
5068,2025-11-28,4,74.4,124
5069,2025-11-28,20,50.0,124
5070,2025-11-28,19,74.0,124
5071,2025-11-28,1,66.4,124
5072,2025-11-28,16,73.2,124
5073,2025-11-28,17,59.6,124
5074,2025-11-28,23,55.2,124
5075,2025-11-28,24,74.4,124
5076,2025-11-28,25,69.2,124
5077,2025-11-28,27,56.0,124
5078,2025-11-28,7,54.4,124
5079,2025-11-28,18,55.2,124
5080,2025-11-28,8,69.2,124
5081,2025-11-28,26,7.2,124
5082,2025-11-28,22,67.6,124
5083,2025-11-28,2,0.0,124
5084,2025-11-28,5,69.6,124
5085,2025-11-28,6,70.8,124
5086,2025-11-28,14,66.0,124
5087,2025-11-28,28,70.0,124
5088,2025-11-28,21,74.8,124
5089,2025-11-28,10,62.0,124
5090,2025-11-28,15,64.0,124
5091,2025-11-28,12,36.8,124
5092,2025-11-28,13,55.2,124
5093,2025-11-28,3,62.0,124
5094,2025-11-28,9,56.0,124
5095,2025-11-28,11,63.6,124
5096,2025-11-29,7,54.0,125
5097,2025-11-29,2,0.0,125
5098,2025-11-29,12,36.8,125
5099,2025-11-29,14,70.4,125
5100,2025-11-29,8,65.6,125
5101,2025-11-29,4,66.8,125
5102,2025-11-29,7,54.0,125
5103,2025-11-29,1,71.6,125
5104,2025-11-29,9,52.4,125
5105,2025-11-29,10,63.2,125
5106,2025-11-29,3,64.0,125
5107,2025-11-29,3,64.0,125
5108,2025-11-29,5,69.2,125
5109,2025-11-29,9,52.4,125
5110,2025-11-29,17,58.0,125
5111,2025-11-29,15,65.2,125
5112,2025-11-29,14,70.4,125
5113,2025-11-29,8,65.6,125
5114,2025-11-29,18,55.2,125
5115,2025-11-29,6,66.4,125
5116,2025-11-29,12,36.8,125
5117,2025-11-29,11,72.4,125
5118,2025-11-29,11,72.4,125
5119,2025-11-29,13,54.8,125
5120,2025-11-29,19,76.8,125
5121,2025-11-29,20,62.8,125
5122,2025-11-29,16,78.0,125
5123,2025-11-29,6,66.4,125
5124,2025-11-29,21,70.0,125
5125,2025-11-29,18,55.2,125
5126,2025-11-29,22,66.0,125
5127,2025-11-29,2,0.0,125
5128,2025-11-29,10,63.2,125
5129,2025-11-29,5,69.2,125
5130,2025-11-29,25,78.0,125
5131,2025-11-29,28,70.0,125
5132,2025-11-29,1,71.6,125
5133,2025-11-29,17,58.0,125
5134,2025-11-29,24,79.6,125
5135,2025-11-29,23,49.2,125
5136,2025-11-29,27,66.0,125
5137,2025-11-29,26,7.6,125
5138,2025-11-29,13,54.8,125
5139,2025-11-29,16,78.0,125
5140,2025-11-29,19,76.8,125
5141,2025-11-29,27,66.0,125
5142,2025-11-29,28,70.0,125
5143,2025-11-29,15,65.2,125
5144,2025-11-29,21,70.0,125
5145,2025-11-29,22,66.0,125
5146,2025-11-29,24,79.6,125
5147,2025-11-29,23,49.2,125
5148,2025-11-29,26,7.6,125
5149,2025-11-29,20,62.8,125
5150,2025-11-29,25,78.0,125
5151,2025-11-29,4,66.8,125
5152,2025-11-30,9,56.0,126
5153,2025-11-30,20,63.2,126
5154,2025-11-30,23,54.4,126
5155,2025-11-30,1,61.6,126
5156,2025-11-30,6,65.2,126
5157,2025-11-30,8,58.0,126
5158,2025-11-30,2,0.0,126
5159,2025-11-30,1,61.6,126
5160,2025-11-30,19,73.6,126
5161,2025-11-30,28,60.8,126
5162,2025-11-30,24,72.4,126
5163,2025-11-30,3,61.6,126
5164,2025-11-30,4,66.0,126
5165,2025-11-30,11,67.2,126
5166,2025-11-30,2,0.0,126
5167,2025-11-30,3,61.6,126
5168,2025-11-30,27,64.8,126
5169,2025-11-30,18,51.6,126
5170,2025-11-30,5,72.4,126
5171,2025-11-30,26,12.0,126
5172,2025-11-30,12,38.8,126
5173,2025-11-30,22,63.2,126
5174,2025-11-30,21,73.2,126
5175,2025-11-30,10,67.6,126
5176,2025-11-30,7,48.4,126
5177,2025-11-30,14,67.2,126
5178,2025-11-30,4,66.0,126
5179,2025-11-30,25,72.4,126
5180,2025-11-30,10,67.6,126
5181,2025-11-30,21,73.2,126
5182,2025-11-30,6,65.2,126
5183,2025-11-30,25,72.4,126
5184,2025-11-30,15,68.0,126
5185,2025-11-30,13,53.6,126
5186,2025-11-30,11,67.2,126
5187,2025-11-30,9,56.0,126
5188,2025-11-30,15,68.0,126
5189,2025-11-30,18,51.6,126
5190,2025-11-30,19,73.6,126
5191,2025-11-30,17,64.4,126
5192,2025-11-30,22,63.2,126
5193,2025-11-30,28,60.8,126
5194,2025-11-30,8,58.0,126
5195,2025-11-30,14,67.2,126
5196,2025-11-30,16,66.4,126
5197,2025-11-30,5,72.4,126
5198,2025-11-30,26,12.0,126
5199,2025-11-30,24,72.4,126
5200,2025-11-30,23,54.4,126
5201,2025-11-30,7,48.4,126
5202,2025-11-30,20,63.2,126
5203,2025-11-30,12,38.8,126
5204,2025-11-30,17,64.4,126
5205,2025-11-30,16,66.4,126
5206,2025-11-30,13,53.6,126
5207,2025-11-30,27,64.8,126
5208,2025-12-01,11,65.6,127
5209,2025-12-01,6,46.4,127
5210,2025-12-01,17,66.8,127
5211,2025-12-01,5,64.4,127
5212,2025-12-01,2,0.0,127
5213,2025-12-01,18,54.8,127
5214,2025-12-01,19,74.4,127
5215,2025-12-01,6,46.4,127
5216,2025-12-01,20,64.4,127
5217,2025-12-01,21,66.0,127
5218,2025-12-01,13,49.6,127
5219,2025-12-01,5,64.4,127
5220,2025-12-01,15,68.4,127
5221,2025-12-01,8,56.0,127
5222,2025-12-01,7,60.8,127
5223,2025-12-01,28,67.2,127
5224,2025-12-01,13,49.6,127
5225,2025-12-01,4,60.4,127
5226,2025-12-01,19,74.4,127
5227,2025-12-01,25,66.4,127
5228,2025-12-01,9,61.2,127
5229,2025-12-01,16,66.8,127
5230,2025-12-01,17,66.8,127
5231,2025-12-01,10,62.0,127
5232,2025-12-01,12,38.8,127
5233,2025-12-01,1,60.0,127
5234,2025-12-01,3,60.8,127
5235,2025-12-01,26,12.8,127
5236,2025-12-01,1,60.0,127
5237,2025-12-01,7,60.8,127
5238,2025-12-01,20,64.4,127
5239,2025-12-01,23,65.2,127
5240,2025-12-01,22,61.2,127
5241,2025-12-01,14,64.0,127
5242,2025-12-01,27,63.2,127
5243,2025-12-01,14,64.0,127
5244,2025-12-01,18,54.8,127
5245,2025-12-01,10,62.0,127
5246,2025-12-01,4,60.4,127
5247,2025-12-01,24,70.8,127
5248,2025-12-01,11,65.6,127
5249,2025-12-01,16,66.8,127
5250,2025-12-01,12,38.8,127
5251,2025-12-01,28,67.2,127
5252,2025-12-01,5,64.4,127
5253,2025-12-01,7,60.8,127
5254,2025-12-01,8,56.0,127
5255,2025-12-01,22,61.2,127
5256,2025-12-01,24,70.8,127
5257,2025-12-01,21,66.0,127
5258,2025-12-01,9,61.2,127
5259,2025-12-01,23,65.2,127
5260,2025-12-01,11,65.6,127
5261,2025-12-01,1,60.0,127
5262,2025-12-01,9,61.2,127
5263,2025-12-01,28,67.2,127
5264,2025-12-01,23,65.2,127
5265,2025-12-01,25,66.4,127
5266,2025-12-01,27,63.2,127
5267,2025-12-01,26,12.8,127
5268,2025-12-01,27,63.2,127
5269,2025-12-01,24,70.8,127
5270,2025-12-01,3,60.8,127
5271,2025-12-01,3,60.8,127
5272,2025-12-01,25,66.4,127
5273,2025-12-01,21,66.0,127
5274,2025-12-01,20,64.4,127
5275,2025-12-01,19,74.4,127
5276,2025-12-01,18,54.8,127
5277,2025-12-01,17,66.8,127
5278,2025-12-01,16,66.8,127
5279,2025-12-01,15,68.4,127
5280,2025-12-01,14,64.0,127
5281,2025-12-01,13,49.6,127
5282,2025-12-01,12,38.8,127
5283,2025-12-01,2,0.0,127
5284,2025-12-01,10,62.0,127
5285,2025-12-01,4,60.4,127
5286,2025-12-01,26,12.8,127
5287,2025-12-01,6,46.4,127
5288,2025-12-01,22,61.2,127
5289,2025-12-01,8,56.0,127
5290,2025-12-01,15,68.4,127
5291,2025-12-01,2,0.0,127
5292,2025-12-02,20,66.8,128
5293,2025-12-02,6,36.8,128
5294,2025-12-02,5,66.4,128
5295,2025-12-02,24,74.8,128
5296,2025-12-02,18,50.0,128
5297,2025-12-02,8,59.2,128
5298,2025-12-02,22,60.0,128
5299,2025-12-02,9,56.4,128
5300,2025-12-02,1,57.6,128
5301,2025-12-02,15,72.4,128
5302,2025-12-02,16,58.4,128
5303,2025-12-02,10,49.6,128
5304,2025-12-02,6,36.8,128
5305,2025-12-02,14,62.0,128
5306,2025-12-02,16,58.4,128
5307,2025-12-02,27,70.0,128
5308,2025-12-02,28,63.2,128
5309,2025-12-02,12,37.2,128
5310,2025-12-02,17,63.6,128
5311,2025-12-02,26,11.2,128
5312,2025-12-02,26,11.2,128
5313,2025-12-02,5,66.4,128
5314,2025-12-02,7,67.6,128
5315,2025-12-02,13,53.6,128
5316,2025-12-02,14,62.0,128
5317,2025-12-02,13,53.6,128
5318,2025-12-02,12,37.2,128
5319,2025-12-02,11,66.8,128
5320,2025-12-02,27,70.0,128
5321,2025-12-02,9,56.4,128
5322,2025-12-02,4,54.8,128
5323,2025-12-02,1,57.6,128
5324,2025-12-02,28,63.2,128
5325,2025-12-02,11,66.8,128
5326,2025-12-02,3,64.8,128
5327,2025-12-02,25,62.8,128
5328,2025-12-02,7,67.6,128
5329,2025-12-02,15,72.4,128
5330,2025-12-02,3,64.8,128
5331,2025-12-02,2,0.0,128
5332,2025-12-02,17,63.6,128
5333,2025-12-02,2,0.0,128
5334,2025-12-02,22,60.0,128
5335,2025-12-02,3,64.8,128
5336,2025-12-02,18,50.0,128
5337,2025-12-02,17,63.6,128
5338,2025-12-02,16,58.4,128
5339,2025-12-02,1,57.6,128
5340,2025-12-02,25,62.8,128
5341,2025-12-02,10,49.6,128
5342,2025-12-02,11,66.8,128
5343,2025-12-02,4,54.8,128
5344,2025-12-02,2,0.0,128
5345,2025-12-02,23,65.2,128
5346,2025-12-02,14,62.0,128
5347,2025-12-02,27,70.0,128
5348,2025-12-02,24,74.8,128
5349,2025-12-02,28,63.2,128
5350,2025-12-02,13,53.6,128
5351,2025-12-02,26,11.2,128
5352,2025-12-02,25,62.8,128
5353,2025-12-02,19,71.2,128
5354,2025-12-02,12,37.2,128
5355,2025-12-02,21,71.2,128
5356,2025-12-02,8,59.2,128
5357,2025-12-02,19,71.2,128
5358,2025-12-02,18,50.0,128
5359,2025-12-02,8,59.2,128
5360,2025-12-02,19,71.2,128
5361,2025-12-02,24,74.8,128
5362,2025-12-02,23,65.2,128
5363,2025-12-02,21,71.2,128
5364,2025-12-02,21,71.2,128
5365,2025-12-02,20,66.8,128
5366,2025-12-02,22,60.0,128
5367,2025-12-02,5,66.4,128
5368,2025-12-02,6,36.8,128
5369,2025-12-02,7,67.6,128
5370,2025-12-02,15,72.4,128
5371,2025-12-02,9,56.4,128
5372,2025-12-02,23,65.2,128
5373,2025-12-02,4,54.8,128
5374,2025-12-02,10,49.6,128
5375,2025-12-02,20,66.8,128
5376,2025-12-03,26,10.0,129
5377,2025-12-03,24,67.6,129
5378,2025-12-03,25,60.4,129
5379,2025-12-03,20,74.4,129
5380,2025-12-03,21,64.4,129
5381,2025-12-03,16,66.8,129
5382,2025-12-03,23,62.8,129
5383,2025-12-03,27,60.8,129
5384,2025-12-03,19,68.4,129
5385,2025-12-03,13,50.4,129
5386,2025-12-03,15,75.6,129
5387,2025-12-03,4,62.0,129
5388,2025-12-03,16,66.8,129
5389,2025-12-03,21,64.4,129
5390,2025-12-03,8,70.8,129
5391,2025-12-03,25,60.4,129
5392,2025-12-03,19,68.4,129
5393,2025-12-03,16,66.8,129
5394,2025-12-03,24,67.6,129
5395,2025-12-03,23,62.8,129
5396,2025-12-03,14,60.8,129
5397,2025-12-03,28,64.0,129
5398,2025-12-03,14,60.8,129
5399,2025-12-03,17,68.0,129
5400,2025-12-03,26,10.0,129
5401,2025-12-03,20,74.4,129
5402,2025-12-03,20,74.4,129
5403,2025-12-03,28,64.0,129
5404,2025-12-03,18,55.6,129
5405,2025-12-03,15,75.6,129
5406,2025-12-03,10,48.8,129
5407,2025-12-03,8,70.8,129
5408,2025-12-03,22,62.0,129
5409,2025-12-03,19,68.4,129
5410,2025-12-03,9,60.0,129
5411,2025-12-03,27,60.8,129
5412,2025-12-03,17,68.0,129
5413,2025-12-03,17,68.0,129
5414,2025-12-03,11,66.4,129
5415,2025-12-03,12,38.4,129
5416,2025-12-03,6,57.6,129
5417,2025-12-03,22,62.0,129
5418,2025-12-03,26,10.0,129
5419,2025-12-03,3,62.0,129
5420,2025-12-03,23,62.8,129
5421,2025-12-03,22,62.0,129
5422,2025-12-03,15,75.6,129
5423,2025-12-03,25,60.4,129
5424,2025-12-03,13,50.4,129
5425,2025-12-03,6,57.6,129
5426,2025-12-03,12,38.4,129
5427,2025-12-03,4,62.0,129
5428,2025-12-03,2,0.0,129
5429,2025-12-03,4,62.0,129
5430,2025-12-03,9,60.0,129
5431,2025-12-03,5,66.4,129
5432,2025-12-03,7,63.2,129
5433,2025-12-03,10,48.8,129
5434,2025-12-03,11,66.4,129
5435,2025-12-03,8,70.8,129
5436,2025-12-03,1,58.4,129
5437,2025-12-03,3,62.0,129
5438,2025-12-03,27,60.8,129
5439,2025-12-03,18,55.6,129
5440,2025-12-03,18,55.6,129
5441,2025-12-03,6,57.6,129
5442,2025-12-03,2,0.0,129
5443,2025-12-03,1,58.4,129
5444,2025-12-03,2,0.0,129
5445,2025-12-03,14,60.8,129
5446,2025-12-03,1,58.4,129
5447,2025-12-03,5,66.4,129
5448,2025-12-03,11,66.4,129
5449,2025-12-03,13,50.4,129
5450,2025-12-03,3,62.0,129
5451,2025-12-03,24,67.6,129
5452,2025-12-03,12,38.4,129
5453,2025-12-03,5,66.4,129
5454,2025-12-03,10,48.8,129
5455,2025-12-03,21,64.4,129
5456,2025-12-03,28,64.0,129
5457,2025-12-03,7,63.2,129
5458,2025-12-03,9,60.0,129
5459,2025-12-03,7,63.2,129
5460,2025-12-04,27,68.0,130
5461,2025-12-04,5,62.0,130
5462,2025-12-04,19,72.4,130
5463,2025-12-04,16,68.8,130
5464,2025-12-04,15,74.0,130
5465,2025-12-04,16,68.8,130
5466,2025-12-04,20,71.6,130
5467,2025-12-04,12,24.0,130
5468,2025-12-04,1,62.0,130
5469,2025-12-04,14,66.8,130
5470,2025-12-04,20,71.6,130
5471,2025-12-04,22,57.6,130
5472,2025-12-04,14,66.8,130
5473,2025-12-04,25,74.4,130
5474,2025-12-04,26,7.6,130
5475,2025-12-04,27,68.0,130
5476,2025-12-04,25,74.4,130
5477,2025-12-04,18,61.6,130
5478,2025-12-04,13,55.2,130
5479,2025-12-04,7,70.0,130
5480,2025-12-04,6,65.2,130
5481,2025-12-04,17,62.0,130
5482,2025-12-04,8,71.6,130
5483,2025-12-04,1,62.0,130
5484,2025-12-04,9,57.2,130
5485,2025-12-04,10,57.2,130
5486,2025-12-04,11,70.0,130
5487,2025-12-04,2,18.0,130
5488,2025-12-04,26,7.6,130
5489,2025-12-04,4,52.0,130
5490,2025-12-04,2,18.0,130
5491,2025-12-04,21,74.4,130
5492,2025-12-04,24,69.6,130
5493,2025-12-04,17,62.0,130
5494,2025-12-04,7,70.0,130
5495,2025-12-04,23,74.0,130
5496,2025-12-04,24,69.6,130
5497,2025-12-04,18,61.6,130
5498,2025-12-04,19,72.4,130
5499,2025-12-04,22,57.6,130
5500,2025-12-04,23,74.0,130
5501,2025-12-04,3,68.8,130
5502,2025-12-04,2,18.0,130
5503,2025-12-04,9,57.2,130
5504,2025-12-04,10,57.2,130
5505,2025-12-04,11,70.0,130
5506,2025-12-04,13,55.2,130
5507,2025-12-04,14,66.8,130
5508,2025-12-04,12,24.0,130
5509,2025-12-04,16,68.8,130
5510,2025-12-04,5,62.0,130
5511,2025-12-04,6,65.2,130
5512,2025-12-04,12,24.0,130
5513,2025-12-04,22,57.6,130
5514,2025-12-04,17,62.0,130
5515,2025-12-04,23,74.0,130
5516,2025-12-04,26,7.6,130
5517,2025-12-04,27,68.0,130
5518,2025-12-04,19,72.4,130
5519,2025-12-04,18,61.6,130
5520,2025-12-04,28,70.0,130
5521,2025-12-04,9,57.2,130
5522,2025-12-04,10,57.2,130
5523,2025-12-04,4,52.0,130
5524,2025-12-04,13,55.2,130
5525,2025-12-04,7,70.0,130
5526,2025-12-04,28,70.0,130
5527,2025-12-04,25,74.4,130
5528,2025-12-04,24,69.6,130
5529,2025-12-04,20,71.6,130
5530,2025-12-04,21,74.4,130
5531,2025-12-04,28,70.0,130
5532,2025-12-04,5,62.0,130
5533,2025-12-04,3,68.8,130
5534,2025-12-04,8,71.6,130
5535,2025-12-04,6,65.2,130
5536,2025-12-04,3,68.8,130
5537,2025-12-04,11,70.0,130
5538,2025-12-04,21,74.4,130
5539,2025-12-04,15,74.0,130
5540,2025-12-04,1,62.0,130
5541,2025-12-04,8,71.6,130
5542,2025-12-04,15,74.0,130
5543,2025-12-04,4,52.0,130
5544,2025-12-05,13,51.6,131
5545,2025-12-05,25,67.6,131
5546,2025-12-05,12,9.2,131
5547,2025-12-05,11,61.2,131
5548,2025-12-05,2,34.4,131
5549,2025-12-05,10,57.2,131
5550,2025-12-05,21,67.6,131
5551,2025-12-05,7,66.4,131
5552,2025-12-05,27,68.0,131
5553,2025-12-05,6,65.6,131
5554,2025-12-05,5,52.4,131
5555,2025-12-05,4,48.0,131
5556,2025-12-05,14,61.6,131
5557,2025-12-05,2,34.4,131
5558,2025-12-05,1,56.8,131
5559,2025-12-05,23,70.4,131
5560,2025-12-05,15,75.6,131
5561,2025-12-05,26,7.6,131
5562,2025-12-05,8,66.0,131
5563,2025-12-05,24,66.4,131
5564,2025-12-05,28,66.0,131
5565,2025-12-05,3,74.0,131
5566,2025-12-05,16,65.6,131
5567,2025-12-05,19,68.4,131
5568,2025-12-05,18,52.8,131
5569,2025-12-05,16,65.6,131
5570,2025-12-05,22,54.4,131
5571,2025-12-05,1,56.8,131
5572,2025-12-05,17,68.0,131
5573,2025-12-05,2,34.4,131
5574,2025-12-05,15,75.6,131
5575,2025-12-05,6,65.6,131
5576,2025-12-05,9,57.2,131
5577,2025-12-05,21,67.6,131
5578,2025-12-05,14,61.6,131
5579,2025-12-05,13,51.6,131
5580,2025-12-05,12,9.2,131
5581,2025-12-05,8,66.0,131
5582,2025-12-05,10,57.2,131
5583,2025-12-05,7,66.4,131
5584,2025-12-05,19,68.4,131
5585,2025-12-05,20,69.2,131
5586,2025-12-05,5,52.4,131
5587,2025-12-05,11,61.2,131
5588,2025-12-05,20,69.2,131
5589,2025-12-05,23,70.4,131
5590,2025-12-05,17,68.0,131
5591,2025-12-05,3,74.0,131
5592,2025-12-05,4,48.0,131
5593,2025-12-05,24,66.4,131
5594,2025-12-05,28,66.0,131
5595,2025-12-05,5,52.4,131
5596,2025-12-05,1,56.8,131
5597,2025-12-05,25,67.6,131
5598,2025-12-05,24,66.4,131
5599,2025-12-05,26,7.6,131
5600,2025-12-05,27,68.0,131
5601,2025-12-05,23,70.4,131
5602,2025-12-05,25,67.6,131
5603,2025-12-05,28,66.0,131
5604,2025-12-05,22,54.4,131
5605,2025-12-05,26,7.6,131
5606,2025-12-05,22,54.4,131
5607,2025-12-05,13,51.6,131
5608,2025-12-05,9,57.2,131
5609,2025-12-05,15,75.6,131
5610,2025-12-05,19,68.4,131
5611,2025-12-05,18,52.8,131
5612,2025-12-05,17,68.0,131
5613,2025-12-05,16,65.6,131
5614,2025-12-05,27,68.0,131
5615,2025-12-05,11,61.2,131
5616,2025-12-05,3,74.0,131
5617,2025-12-05,14,61.6,131
5618,2025-12-05,10,57.2,131
5619,2025-12-05,20,69.2,131
5620,2025-12-05,18,52.8,131
5621,2025-12-05,12,9.2,131
5622,2025-12-05,21,67.6,131
5623,2025-12-05,8,66.0,131
5624,2025-12-05,7,66.4,131
5625,2025-12-05,6,65.6,131
5626,2025-12-05,4,48.0,131
5627,2025-12-05,9,57.2,131
5628,2025-12-06,3,67.2,132
5629,2025-12-06,6,64.4,132
5630,2025-12-06,1,55.2,132
5631,2025-12-06,23,70.0,132
5632,2025-12-06,24,61.2,132
5633,2025-12-06,28,63.2,132
5634,2025-12-06,25,69.2,132
5635,2025-12-06,14,63.2,132
5636,2025-12-06,4,52.8,132
5637,2025-12-06,1,55.2,132
5638,2025-12-06,12,11.6,132
5639,2025-12-06,11,62.8,132
5640,2025-12-06,10,56.4,132
5641,2025-12-06,9,55.2,132
5642,2025-12-06,6,64.4,132
5643,2025-12-06,5,56.8,132
5644,2025-12-06,22,49.2,132
5645,2025-12-06,19,66.8,132
5646,2025-12-06,2,33.2,132
5647,2025-12-06,13,48.0,132
5648,2025-12-06,12,11.6,132
5649,2025-12-06,13,48.0,132
5650,2025-12-06,27,66.4,132
5651,2025-12-06,26,9.6,132
5652,2025-12-06,3,67.2,132
5653,2025-12-06,4,52.8,132
5654,2025-12-06,5,56.8,132
5655,2025-12-06,6,64.4,132
5656,2025-12-06,7,60.8,132
5657,2025-12-06,20,70.0,132
5658,2025-12-06,8,68.8,132
5659,2025-12-06,10,56.4,132
5660,2025-12-06,21,69.2,132
5661,2025-12-06,11,62.8,132
5662,2025-12-06,14,63.2,132
5663,2025-12-06,15,72.4,132
5664,2025-12-06,16,68.0,132
5665,2025-12-06,17,62.8,132
5666,2025-12-06,18,52.0,132
5667,2025-12-06,9,55.2,132
5668,2025-12-06,4,52.8,132
5669,2025-12-06,23,70.0,132
5670,2025-12-06,7,60.8,132
5671,2025-12-06,27,66.4,132
5672,2025-12-06,14,63.2,132
5673,2025-12-06,13,48.0,132
5674,2025-12-06,9,55.2,132
5675,2025-12-06,18,52.0,132
5676,2025-12-06,16,68.0,132
5677,2025-12-06,22,49.2,132
5678,2025-12-06,28,63.2,132
5679,2025-12-06,15,72.4,132
5680,2025-12-06,28,63.2,132
5681,2025-12-06,24,61.2,132
5682,2025-12-06,20,70.0,132
5683,2025-12-06,23,70.0,132
5684,2025-12-06,21,69.2,132
5685,2025-12-06,19,66.8,132
5686,2025-12-06,17,62.8,132
5687,2025-12-06,2,33.2,132
5688,2025-12-06,3,67.2,132
5689,2025-12-06,25,69.2,132
5690,2025-12-06,26,9.6,132
5691,2025-12-06,8,68.8,132
5692,2025-12-06,26,9.6,132
5693,2025-12-06,15,72.4,132
5694,2025-12-06,21,69.2,132
5695,2025-12-06,16,68.0,132
5696,2025-12-06,25,69.2,132
5697,2025-12-06,24,61.2,132
5698,2025-12-06,20,70.0,132
5699,2025-12-06,17,62.8,132
5700,2025-12-06,5,56.8,132
5701,2025-12-06,19,66.8,132
5702,2025-12-06,22,49.2,132
5703,2025-12-06,1,55.2,132
5704,2025-12-06,2,33.2,132
5705,2025-12-06,12,11.6,132
5706,2025-12-06,27,66.4,132
5707,2025-12-06,11,62.8,132
5708,2025-12-06,10,56.4,132
5709,2025-12-06,8,68.8,132
5710,2025-12-06,7,60.8,132
5711,2025-12-06,18,52.0,132
5712,2025-12-07,12,10.8,133
5713,2025-12-07,19,67.6,133
5714,2025-12-07,28,63.2,133
5715,2025-12-07,14,62.0,133
5716,2025-12-07,6,65.2,133
5717,2025-12-07,1,62.4,133
5718,2025-12-07,24,73.2,133
5719,2025-12-07,26,10.0,133
5720,2025-12-07,9,52.8,133
5721,2025-12-07,3,67.6,133
5722,2025-12-07,13,51.6,133
5723,2025-12-07,23,63.2,133
5724,2025-12-07,4,60.8,133
5725,2025-12-07,28,63.2,133
5726,2025-12-07,12,10.8,133
5727,2025-12-07,13,51.6,133
5728,2025-12-07,2,29.2,133
5729,2025-12-07,14,62.0,133
5730,2025-12-07,27,62.4,133
5731,2025-12-07,16,67.2,133
5732,2025-12-07,21,68.0,133
5733,2025-12-07,24,73.2,133
5734,2025-12-07,27,62.4,133
5735,2025-12-07,21,68.0,133
5736,2025-12-07,25,67.6,133
5737,2025-12-07,5,56.0,133
5738,2025-12-07,23,63.2,133
5739,2025-12-07,26,10.0,133
5740,2025-12-07,17,68.0,133
5741,2025-12-07,18,53.2,133
5742,2025-12-07,10,48.0,133
5743,2025-12-07,22,55.2,133
5744,2025-12-07,8,66.8,133
5745,2025-12-07,15,76.8,133
5746,2025-12-07,3,67.6,133
5747,2025-12-07,16,67.2,133
5748,2025-12-07,25,67.6,133
5749,2025-12-07,7,60.8,133
5750,2025-12-07,20,72.0,133
5751,2025-12-07,2,29.2,133
5752,2025-12-07,15,76.8,133
5753,2025-12-07,5,56.0,133
5754,2025-12-07,5,56.0,133
5755,2025-12-07,24,73.2,133
5756,2025-12-07,11,61.6,133
5757,2025-12-07,12,10.8,133
5758,2025-12-07,13,51.6,133
5759,2025-12-07,14,62.0,133
5760,2025-12-07,15,76.8,133
5761,2025-12-07,16,67.2,133
5762,2025-12-07,21,68.0,133
5763,2025-12-07,25,67.6,133
5764,2025-12-07,10,48.0,133
5765,2025-12-07,11,61.6,133
5766,2025-12-07,22,55.2,133
5767,2025-12-07,23,63.2,133
5768,2025-12-07,22,55.2,133
5769,2025-12-07,4,60.8,133
5770,2025-12-07,26,10.0,133
5771,2025-12-07,28,63.2,133
5772,2025-12-07,17,68.0,133
5773,2025-12-07,10,48.0,133
5774,2025-12-07,9,52.8,133
5775,2025-12-07,20,72.0,133
5776,2025-12-07,6,65.2,133
5777,2025-12-07,1,62.4,133
5778,2025-12-07,20,72.0,133
5779,2025-12-07,17,68.0,133
5780,2025-12-07,18,53.2,133
5781,2025-12-07,19,67.6,133
5782,2025-12-07,8,66.8,133
5783,2025-12-07,8,66.8,133
5784,2025-12-07,7,60.8,133
5785,2025-12-07,9,52.8,133
5786,2025-12-07,18,53.2,133
5787,2025-12-07,19,67.6,133
5788,2025-12-07,7,60.8,133
5789,2025-12-07,11,61.6,133
5790,2025-12-07,4,60.8,133
5791,2025-12-07,3,67.6,133
5792,2025-12-07,2,29.2,133
5793,2025-12-07,1,62.4,133
5794,2025-12-07,27,62.4,133
5795,2025-12-07,6,65.2,133
5796,2025-12-08,21,66.4,134
5797,2025-12-08,16,68.4,134
5798,2025-12-08,15,72.4,134
5799,2025-12-08,1,61.6,134
5800,2025-12-08,10,50.0,134
5801,2025-12-08,17,65.2,134
5802,2025-12-08,5,49.2,134
5803,2025-12-08,19,71.2,134
5804,2025-12-08,24,61.6,134
5805,2025-12-08,17,65.2,134
5806,2025-12-08,22,52.8,134
5807,2025-12-08,25,67.2,134
5808,2025-12-08,27,62.0,134
5809,2025-12-08,15,72.4,134
5810,2025-12-08,14,61.6,134
5811,2025-12-08,16,68.4,134
5812,2025-12-08,18,50.4,134
5813,2025-12-08,19,71.2,134
5814,2025-12-08,20,68.4,134
5815,2025-12-08,25,67.2,134
5816,2025-12-08,22,52.8,134
5817,2025-12-08,14,61.6,134
5818,2025-12-08,2,27.2,134
5819,2025-12-08,2,27.2,134
5820,2025-12-08,6,70.0,134
5821,2025-12-08,12,12.4,134
5822,2025-12-08,7,58.8,134
5823,2025-12-08,21,66.4,134
5824,2025-12-08,1,61.6,134
5825,2025-12-08,3,65.2,134
5826,2025-12-08,11,66.0,134
5827,2025-12-08,26,8.8,134
5828,2025-12-08,23,68.4,134
5829,2025-12-08,26,8.8,134
5830,2025-12-08,4,66.4,134
5831,2025-12-08,20,68.4,134
5832,2025-12-08,9,55.2,134
5833,2025-12-08,24,61.6,134
5834,2025-12-08,10,50.0,134
5835,2025-12-08,13,46.8,134
5836,2025-12-08,28,65.2,134
5837,2025-12-08,8,74.8,134
5838,2025-12-08,23,68.4,134
5839,2025-12-08,8,74.8,134
5840,2025-12-08,11,66.0,134
5841,2025-12-08,12,12.4,134
5842,2025-12-08,14,61.6,134
5843,2025-12-08,13,46.8,134
5844,2025-12-08,16,68.4,134
5845,2025-12-08,22,52.8,134
5846,2025-12-08,28,65.2,134
5847,2025-12-08,9,55.2,134
5848,2025-12-08,7,58.8,134
5849,2025-12-08,25,67.2,134
5850,2025-12-08,24,61.6,134
5851,2025-12-08,17,65.2,134
5852,2025-12-08,23,68.4,134
5853,2025-12-08,21,66.4,134
5854,2025-12-08,20,68.4,134
5855,2025-12-08,19,71.2,134
5856,2025-12-08,18,50.4,134
5857,2025-12-08,26,8.8,134
5858,2025-12-08,27,62.0,134
5859,2025-12-08,1,61.6,134
5860,2025-12-08,27,62.0,134
5861,2025-12-08,28,65.2,134
5862,2025-12-08,8,74.8,134
5863,2025-12-08,18,50.4,134
5864,2025-12-08,4,66.4,134
5865,2025-12-08,10,50.0,134
5866,2025-12-08,7,58.8,134
5867,2025-12-08,9,55.2,134
5868,2025-12-08,11,66.0,134
5869,2025-12-08,12,12.4,134
5870,2025-12-08,6,70.0,134
5871,2025-12-08,3,65.2,134
5872,2025-12-08,5,49.2,134
5873,2025-12-08,4,66.4,134
5874,2025-12-08,6,70.0,134
5875,2025-12-08,15,72.4,134
5876,2025-12-08,3,65.2,134
5877,2025-12-08,2,27.2,134
5878,2025-12-08,5,49.2,134
5879,2025-12-08,13,46.8,134
5880,2025-12-09,5,54.0,135
5881,2025-12-09,20,58.0,135
5882,2025-12-09,23,64.4,135
5883,2025-12-09,17,67.6,135
5884,2025-12-09,1,58.8,135
5885,2025-12-09,14,68.8,135
5886,2025-12-09,11,59.2,135
5887,2025-12-09,28,60.8,135
5888,2025-12-09,18,56.0,135
5889,2025-12-09,19,73.6,135
5890,2025-12-09,26,10.4,135
5891,2025-12-09,15,71.2,135
5892,2025-12-09,25,65.6,135
5893,2025-12-09,21,63.6,135
5894,2025-12-09,17,67.6,135
5895,2025-12-09,6,70.4,135
5896,2025-12-09,20,58.0,135
5897,2025-12-09,23,64.4,135
5898,2025-12-09,18,56.0,135
5899,2025-12-09,8,68.0,135
5900,2025-12-09,28,60.8,135
5901,2025-12-09,3,61.2,135
5902,2025-12-09,19,73.6,135
5903,2025-12-09,27,60.4,135
5904,2025-12-09,2,29.2,135
5905,2025-12-09,4,62.8,135
5906,2025-12-09,27,60.4,135
5907,2025-12-09,6,70.4,135
5908,2025-12-09,9,48.4,135
5909,2025-12-09,8,68.0,135
5910,2025-12-09,15,71.2,135
5911,2025-12-09,13,46.8,135
5912,2025-12-09,24,64.4,135
5913,2025-12-09,21,63.6,135
5914,2025-12-09,25,65.6,135
5915,2025-12-09,12,13.2,135
5916,2025-12-09,16,70.4,135
5917,2025-12-09,22,54.4,135
5918,2025-12-09,7,56.0,135
5919,2025-12-09,24,64.4,135
5920,2025-12-09,1,58.8,135
5921,2025-12-09,22,54.4,135
5922,2025-12-09,5,54.0,135
5923,2025-12-09,11,59.2,135
5924,2025-12-09,10,57.2,135
5925,2025-12-09,11,59.2,135
5926,2025-12-09,12,13.2,135
5927,2025-12-09,27,60.4,135
5928,2025-12-09,14,68.8,135
5929,2025-12-09,21,63.6,135
5930,2025-12-09,15,71.2,135
5931,2025-12-09,6,70.4,135
5932,2025-12-09,3,61.2,135
5933,2025-12-09,23,64.4,135
5934,2025-12-09,26,10.4,135
5935,2025-12-09,3,61.2,135
5936,2025-12-09,20,58.0,135
5937,2025-12-09,14,68.8,135
5938,2025-12-09,16,70.4,135
5939,2025-12-09,19,73.6,135
5940,2025-12-09,26,10.4,135
5941,2025-12-09,24,64.4,135
5942,2025-12-09,5,54.0,135
5943,2025-12-09,4,62.8,135
5944,2025-12-09,13,46.8,135
5945,2025-12-09,16,70.4,135
5946,2025-12-09,12,13.2,135
5947,2025-12-09,7,56.0,135
5948,2025-12-09,10,57.2,135
5949,2025-12-09,8,68.0,135
5950,2025-12-09,7,56.0,135
5951,2025-12-09,25,65.6,135
5952,2025-12-09,9,48.4,135
5953,2025-12-09,2,29.2,135
5954,2025-12-09,9,48.4,135
5955,2025-12-09,4,62.8,135
5956,2025-12-09,22,54.4,135
5957,2025-12-09,10,57.2,135
5958,2025-12-09,28,60.8,135
5959,2025-12-09,13,46.8,135
5960,2025-12-09,1,58.8,135
5961,2025-12-09,2,29.2,135
5962,2025-12-09,17,67.6,135
5963,2025-12-09,18,56.0,135
5964,2025-12-10,19,72.8,136
5965,2025-12-10,14,70.0,136
5966,2025-12-10,3,68.8,136
5967,2025-12-10,13,46.4,136
5968,2025-12-10,5,59.6,136
5969,2025-12-10,24,64.4,136
5970,2025-12-10,28,61.6,136
5971,2025-12-10,13,46.4,136
5972,2025-12-10,12,14.8,136
5973,2025-12-10,27,62.8,136
5974,2025-12-10,13,46.4,136
5975,2025-12-10,7,58.0,136
5976,2025-12-10,5,59.6,136
5977,2025-12-10,22,61.6,136
5978,2025-12-10,28,61.6,136
5979,2025-12-10,23,67.6,136
5980,2025-12-10,10,59.6,136
5981,2025-12-10,15,68.8,136
5982,2025-12-10,22,61.6,136
5983,2025-12-10,2,34.0,136
5984,2025-12-10,20,74.8,136
5985,2025-12-10,7,58.0,136
5986,2025-12-10,6,57.2,136
5987,2025-12-10,8,69.2,136
5988,2025-12-10,1,47.6,136
5989,2025-12-10,6,57.2,136
5990,2025-12-10,25,63.2,136
5991,2025-12-10,12,14.8,136
5992,2025-12-10,26,9.6,136
5993,2025-12-10,10,59.6,136
5994,2025-12-10,27,62.8,136
5995,2025-12-10,4,69.6,136
5996,2025-12-10,21,72.0,136
5997,2025-12-10,9,48.0,136
5998,2025-12-10,11,60.0,136
5999,2025-12-10,15,68.8,136
6000,2025-12-10,16,73.6,136
6001,2025-12-10,17,70.0,136
6002,2025-12-10,18,58.4,136
6003,2025-12-10,19,72.8,136
6004,2025-12-10,5,59.6,136
6005,2025-12-10,9,48.0,136
6006,2025-12-10,17,70.0,136
6007,2025-12-10,7,58.0,136
6008,2025-12-10,23,67.6,136
6009,2025-12-10,16,73.6,136
6010,2025-12-10,17,70.0,136
6011,2025-12-10,1,47.6,136
6012,2025-12-10,23,67.6,136
6013,2025-12-10,8,69.2,136
6014,2025-12-10,18,58.4,136
6015,2025-12-10,19,72.8,136
6016,2025-12-10,20,74.8,136
6017,2025-12-10,21,72.0,136
6018,2025-12-10,9,48.0,136
6019,2025-12-10,24,64.4,136
6020,2025-12-10,14,70.0,136
6021,2025-12-10,20,74.8,136
6022,2025-12-10,11,60.0,136
6023,2025-12-10,4,69.6,136
6024,2025-12-10,21,72.0,136
6025,2025-12-10,25,63.2,136
6026,2025-12-10,26,9.6,136
6027,2025-12-10,18,58.4,136
6028,2025-12-10,8,69.2,136
6029,2025-12-10,27,62.8,136
6030,2025-12-10,4,69.6,136
6031,2025-12-10,3,68.8,136
6032,2025-12-10,15,68.8,136
6033,2025-12-10,16,73.6,136
6034,2025-12-10,12,14.8,136
6035,2025-12-10,14,70.0,136
6036,2025-12-10,3,68.8,136
6037,2025-12-10,2,34.0,136
6038,2025-12-10,1,47.6,136
6039,2025-12-10,2,34.0,136
6040,2025-12-10,22,61.6,136
6041,2025-12-10,11,60.0,136
6042,2025-12-10,6,57.2,136
6043,2025-12-10,26,9.6,136
6044,2025-12-10,28,61.6,136
6045,2025-12-10,25,63.2,136
6046,2025-12-10,10,59.6,136
6047,2025-12-10,24,64.4,136
6048,2025-12-11,25,74.4,137
6049,2025-12-11,23,72.8,137
6050,2025-12-11,9,49.6,137
6051,2025-12-11,8,73.6,137
6052,2025-12-11,12,17.2,137
6053,2025-12-11,10,55.2,137
6054,2025-12-11,1,57.2,137
6055,2025-12-11,3,72.0,137
6056,2025-12-11,2,47.2,137
6057,2025-12-11,21,74.0,137
6058,2025-12-11,18,60.4,137
6059,2025-12-11,27,65.6,137
6060,2025-12-11,17,75.6,137
6061,2025-12-11,15,80.4,137
6062,2025-12-11,16,68.8,137
6063,2025-12-11,7,62.8,137
6064,2025-12-11,19,72.4,137
6065,2025-12-11,9,49.6,137
6066,2025-12-11,5,64.0,137
6067,2025-12-11,22,61.6,137
6068,2025-12-11,6,67.6,137
6069,2025-12-11,24,54.4,137
6070,2025-12-11,4,65.2,137
6071,2025-12-11,11,66.4,137
6072,2025-12-11,10,55.2,137
6073,2025-12-11,20,82.4,137
6074,2025-12-11,26,10.0,137
6075,2025-12-11,13,52.4,137
6076,2025-12-11,28,72.0,137
6077,2025-12-11,11,66.4,137
6078,2025-12-11,28,72.0,137
6079,2025-12-11,27,65.6,137
6080,2025-12-11,25,74.4,137
6081,2025-12-11,17,75.6,137
6082,2025-12-11,22,61.6,137
6083,2025-12-11,24,54.4,137
6084,2025-12-11,21,74.0,137
6085,2025-12-11,20,82.4,137
6086,2025-12-11,8,73.6,137
6087,2025-12-11,4,65.2,137
6088,2025-12-11,13,52.4,137
6089,2025-12-11,2,47.2,137
6090,2025-12-11,12,17.2,137
6091,2025-12-11,1,57.2,137
6092,2025-12-11,3,72.0,137
6093,2025-12-11,14,72.4,137
6094,2025-12-11,14,72.4,137
6095,2025-12-11,18,60.4,137
6096,2025-12-11,5,64.0,137
6097,2025-12-11,7,62.8,137
6098,2025-12-11,6,67.6,137
6099,2025-12-11,16,68.8,137
6100,2025-12-11,23,72.8,137
6101,2025-12-11,15,80.4,137
6102,2025-12-11,19,72.4,137
6103,2025-12-11,26,10.0,137
6104,2025-12-12,8,73.6,138
6105,2025-12-12,9,55.6,138
6106,2025-12-12,13,54.4,138
6107,2025-12-12,12,16.8,138
6108,2025-12-12,4,69.6,138
6109,2025-12-12,10,65.6,138
6110,2025-12-12,6,70.0,138
6111,2025-12-12,11,64.0,138
6112,2025-12-12,2,46.8,138
6113,2025-12-12,15,80.8,138
6114,2025-12-12,14,72.0,138
6115,2025-12-12,28,64.8,138
6116,2025-12-12,3,71.6,138
6117,2025-12-12,19,72.0,138
6118,2025-12-12,20,87.2,138
6119,2025-12-12,16,74.8,138
6120,2025-12-12,28,64.8,138
6121,2025-12-12,22,67.2,138
6122,2025-12-12,26,10.0,138
6123,2025-12-12,21,76.4,138
6124,2025-12-12,7,64.0,138
6125,2025-12-12,27,67.2,138
6126,2025-12-12,25,70.0,138
6127,2025-12-12,18,62.0,138
6128,2025-12-12,23,71.6,138
6129,2025-12-12,1,67.6,138
6130,2025-12-12,5,62.4,138
6131,2025-12-12,17,74.8,138
6132,2025-12-12,1,67.6,138
6133,2025-12-12,26,10.0,138
6134,2025-12-12,6,70.0,138
6135,2025-12-12,9,55.6,138
6136,2025-12-12,8,73.6,138
6137,2025-12-12,4,69.6,138
6138,2025-12-12,11,64.0,138
6139,2025-12-12,24,80.4,138
6140,2025-12-12,7,64.0,138
6141,2025-12-12,27,67.2,138
6142,2025-12-12,3,71.6,138
6143,2025-12-12,2,46.8,138
6144,2025-12-12,5,62.4,138
6145,2025-12-12,10,65.6,138
6146,2025-12-12,12,16.8,138
6147,2025-12-12,14,72.0,138
6148,2025-12-12,25,70.0,138
6149,2025-12-12,15,80.8,138
6150,2025-12-12,16,74.8,138
6151,2025-12-12,13,54.4,138
6152,2025-12-12,21,76.4,138
6153,2025-12-12,18,62.0,138
6154,2025-12-12,19,72.0,138
6155,2025-12-12,20,87.2,138
6156,2025-12-12,17,74.8,138
6157,2025-12-12,22,67.2,138
6158,2025-12-12,23,71.6,138
6159,2025-12-12,24,80.4,138
6160,2025-12-13,4,71.2,139
6161,2025-12-13,6,74.8,139
6162,2025-12-13,5,66.8,139
6163,2025-12-13,13,57.2,139
6164,2025-12-13,28,74.0,139
6165,2025-12-13,8,78.0,139
6166,2025-12-13,20,83.2,139
6167,2025-12-13,10,66.8,139
6168,2025-12-13,12,20.4,139
6169,2025-12-13,22,60.8,139
6170,2025-12-13,16,73.2,139
6171,2025-12-13,17,75.6,139
6172,2025-12-13,7,63.6,139
6173,2025-12-13,27,63.2,139
6174,2025-12-13,15,85.2,139
6175,2025-12-13,14,74.8,139
6176,2025-12-13,9,58.8,139
6177,2025-12-13,26,9.6,139
6178,2025-12-13,2,52.4,139
6179,2025-12-13,25,72.4,139
6180,2025-12-13,21,76.8,139
6181,2025-12-13,24,74.4,139
6182,2025-12-13,11,66.0,139
6183,2025-12-13,3,67.2,139
6184,2025-12-13,1,70.8,139
6185,2025-12-13,19,75.2,139
6186,2025-12-13,28,74.0,139
6187,2025-12-13,23,75.6,139
6188,2025-12-13,12,20.4,139
6189,2025-12-13,20,83.2,139
6190,2025-12-13,18,63.2,139
6191,2025-12-13,16,73.2,139
6192,2025-12-13,17,75.6,139
6193,2025-12-13,8,78.0,139
6194,2025-12-13,25,72.4,139
6195,2025-12-13,4,71.2,139
6196,2025-12-13,22,60.8,139
6197,2025-12-13,23,75.6,139
6198,2025-12-13,11,66.0,139
6199,2025-12-13,13,57.2,139
6200,2025-12-13,26,9.6,139
6201,2025-12-13,27,63.2,139
6202,2025-12-13,10,66.8,139
6203,2025-12-13,9,58.8,139
6204,2025-12-13,2,52.4,139
6205,2025-12-13,24,74.4,139
6206,2025-12-13,19,75.2,139
6207,2025-12-13,3,67.2,139
6208,2025-12-13,5,66.8,139
6209,2025-12-13,14,74.8,139
6210,2025-12-13,6,74.8,139
6211,2025-12-13,15,85.2,139
6212,2025-12-13,7,63.6,139
6213,2025-12-13,21,76.8,139
6214,2025-12-13,18,63.2,139
6215,2025-12-13,1,70.8,139
6216,2025-12-14,15,78.0,140
6217,2025-12-14,18,62.4,140
6218,2025-12-14,17,68.4,140
6219,2025-12-14,28,72.4,140
6220,2025-12-14,8,81.6,140
6221,2025-12-14,25,80.4,140
6222,2025-12-14,2,45.2,140
6223,2025-12-14,23,72.8,140
6224,2025-12-14,21,76.8,140
6225,2025-12-14,1,62.4,140
6226,2025-12-14,11,70.0,140
6227,2025-12-14,4,67.2,140
6228,2025-12-14,9,58.4,140
6229,2025-12-14,5,70.8,140
6230,2025-12-14,6,70.0,140
6231,2025-12-14,10,68.0,140
6232,2025-12-14,22,68.0,140
6233,2025-12-14,12,18.8,140
6234,2025-12-14,26,9.2,140
6235,2025-12-14,13,61.2,140
6236,2025-12-14,27,66.8,140
6237,2025-12-14,14,81.6,140
6238,2025-12-14,20,84.0,140
6239,2025-12-14,19,80.4,140
6240,2025-12-14,3,80.8,140
6241,2025-12-14,24,74.8,140
6242,2025-12-14,7,68.0,140
6243,2025-12-14,16,73.6,140
6244,2025-12-14,26,9.2,140
6245,2025-12-14,10,68.0,140
6246,2025-12-14,22,68.0,140
6247,2025-12-14,25,80.4,140
6248,2025-12-14,2,45.2,140
6249,2025-12-14,16,73.6,140
6250,2025-12-14,4,67.2,140
6251,2025-12-14,20,84.0,140
6252,2025-12-14,6,70.0,140
6253,2025-12-14,7,68.0,140
6254,2025-12-14,28,72.4,140
6255,2025-12-14,11,70.0,140
6256,2025-12-14,24,74.8,140
6257,2025-12-14,14,81.6,140
6258,2025-12-14,1,62.4,140
6259,2025-12-14,13,61.2,140
6260,2025-12-14,12,18.8,140
6261,2025-12-14,23,72.8,140
6262,2025-12-14,8,81.6,140
6263,2025-12-14,21,76.8,140
6264,2025-12-14,19,80.4,140
6265,2025-12-14,3,80.8,140
6266,2025-12-14,18,62.4,140
6267,2025-12-14,5,70.8,140
6268,2025-12-14,17,68.4,140
6269,2025-12-14,27,66.8,140
6270,2025-12-14,15,78.0,140
6271,2025-12-14,9,58.4,140
6272,2025-12-15,28,78.4,141
6273,2025-12-15,3,76.8,141
6274,2025-12-15,24,78.0,141
6275,2025-12-15,14,76.4,141
6276,2025-12-15,6,78.0,141
6277,2025-12-15,28,78.4,141
6278,2025-12-15,16,74.4,141
6279,2025-12-15,11,68.8,141
6280,2025-12-15,20,87.6,141
6281,2025-12-15,13,57.6,141
6282,2025-12-15,5,73.6,141
6283,2025-12-15,10,60.0,141
6284,2025-12-15,25,82.8,141
6285,2025-12-15,9,57.2,141
6286,2025-12-15,2,48.8,141
6287,2025-12-15,8,70.0,141
6288,2025-12-15,12,24.4,141
6289,2025-12-15,1,62.4,141
6290,2025-12-15,21,86.4,141
6291,2025-12-15,26,11.6,141
6292,2025-12-15,22,70.8,141
6293,2025-12-15,27,70.4,141
6294,2025-12-15,27,70.4,141
6295,2025-12-15,17,78.0,141
6296,2025-12-15,4,72.8,141
6297,2025-12-15,15,79.2,141
6298,2025-12-15,7,66.8,141
6299,2025-12-15,3,76.8,141
6300,2025-12-15,23,76.8,141
6301,2025-12-15,18,61.2,141
6302,2025-12-15,1,62.4,141
6303,2025-12-15,20,87.6,141
6304,2025-12-15,2,48.8,141
6305,2025-12-15,21,86.4,141
6306,2025-12-15,5,73.6,141
6307,2025-12-15,7,66.8,141
6308,2025-12-15,26,11.6,141
6309,2025-12-15,11,68.8,141
6310,2025-12-15,24,78.0,141
6311,2025-12-15,8,70.0,141
6312,2025-12-15,13,57.6,141
6313,2025-12-15,9,57.2,141
6314,2025-12-15,19,85.2,141
6315,2025-12-15,10,60.0,141
6316,2025-12-15,14,76.4,141
6317,2025-12-15,18,61.2,141
6318,2025-12-15,19,85.2,141
6319,2025-12-15,4,72.8,141
6320,2025-12-15,16,74.4,141
6321,2025-12-15,22,70.8,141
6322,2025-12-15,23,76.8,141
6323,2025-12-15,25,82.8,141
6324,2025-12-15,12,24.4,141
6325,2025-12-15,15,79.2,141
6326,2025-12-15,6,78.0,141
6327,2025-12-15,17,78.0,141
6328,2025-12-16,14,70.4,142
6329,2025-12-16,25,76.8,142
6330,2025-12-16,20,86.8,142
6331,2025-12-16,23,67.2,142
6332,2025-12-16,27,66.4,142
6333,2025-12-16,26,9.6,142
6334,2025-12-16,11,72.4,142
6335,2025-12-16,24,71.6,142
6336,2025-12-16,15,77.6,142
6337,2025-12-16,22,63.2,142
6338,2025-12-16,16,76.0,142
6339,2025-12-16,21,77.2,142
6340,2025-12-16,3,69.6,142
6341,2025-12-16,19,74.4,142
6342,2025-12-16,2,46.8,142
6343,2025-12-16,5,71.6,142
6344,2025-12-16,13,57.2,142
6345,2025-12-16,6,75.6,142
6346,2025-12-16,8,70.8,142
6347,2025-12-16,9,64.8,142
6348,2025-12-16,10,64.0,142
6349,2025-12-16,12,28.8,142
6350,2025-12-16,4,66.0,142
6351,2025-12-16,27,66.4,142
6352,2025-12-16,28,64.4,142
6353,2025-12-16,18,56.4,142
6354,2025-12-16,1,65.2,142
6355,2025-12-16,28,64.4,142
6356,2025-12-16,23,67.2,142
6357,2025-12-16,17,67.2,142
6358,2025-12-16,9,64.8,142
6359,2025-12-16,12,28.8,142
6360,2025-12-16,11,72.4,142
6361,2025-12-16,7,66.8,142
6362,2025-12-16,2,46.8,142
6363,2025-12-16,4,66.0,142
6364,2025-12-16,10,64.0,142
6365,2025-12-16,3,69.6,142
6366,2025-12-16,6,75.6,142
6367,2025-12-16,5,71.6,142
6368,2025-12-16,8,70.8,142
6369,2025-12-16,13,57.2,142
6370,2025-12-16,14,70.4,142
6371,2025-12-16,17,67.2,142
6372,2025-12-16,1,65.2,142
6373,2025-12-16,15,77.6,142
6374,2025-12-16,26,9.6,142
6375,2025-12-16,16,76.0,142
6376,2025-12-16,24,71.6,142
6377,2025-12-16,25,76.8,142
6378,2025-12-16,22,63.2,142
6379,2025-12-16,21,77.2,142
6380,2025-12-16,20,86.8,142
6381,2025-12-16,19,74.4,142
6382,2025-12-16,18,56.4,142
6383,2025-12-16,7,66.8,142
6384,2025-12-17,18,66.8,143
6385,2025-12-17,25,82.0,143
6386,2025-12-17,12,26.0,143
6387,2025-12-17,27,68.4,143
6388,2025-12-17,13,60.4,143
6389,2025-12-17,22,70.0,143
6390,2025-12-17,23,78.0,143
6391,2025-12-17,17,76.8,143
6392,2025-12-17,11,68.4,143
6393,2025-12-17,18,66.8,143
6394,2025-12-17,14,84.8,143
6395,2025-12-17,20,90.8,143
6396,2025-12-17,5,76.0,143
6397,2025-12-17,15,80.8,143
6398,2025-12-17,24,80.0,143
6399,2025-12-17,19,76.0,143
6400,2025-12-17,2,53.2,143
6401,2025-12-17,28,77.6,143
6402,2025-12-17,9,57.6,143
6403,2025-12-17,6,80.8,143
6404,2025-12-17,16,77.2,143
6405,2025-12-17,7,72.0,143
6406,2025-12-17,4,72.0,143
6407,2025-12-17,8,73.6,143
6408,2025-12-17,21,86.4,143
6409,2025-12-17,26,11.2,143
6410,2025-12-17,13,60.4,143
6411,2025-12-17,10,55.6,143
6412,2025-12-17,12,26.0,143
6413,2025-12-17,4,72.0,143
6414,2025-12-17,16,77.2,143
6415,2025-12-17,1,72.4,143
6416,2025-12-17,6,80.8,143
6417,2025-12-17,22,70.0,143
6418,2025-12-17,25,82.0,143
6419,2025-12-17,20,90.8,143
6420,2025-12-17,14,84.8,143
6421,2025-12-17,19,76.0,143
6422,2025-12-17,11,68.4,143
6423,2025-12-17,27,68.4,143
6424,2025-12-17,2,53.2,143
6425,2025-12-17,24,80.0,143
6426,2025-12-17,28,77.6,143
6427,2025-12-17,21,86.4,143
6428,2025-12-17,26,11.2,143
6429,2025-12-17,15,80.8,143
6430,2025-12-17,23,78.0,143
6431,2025-12-17,17,76.8,143
6432,2025-12-17,1,72.4,143
6433,2025-12-17,3,79.2,143
6434,2025-12-17,10,55.6,143
6435,2025-12-17,8,73.6,143
6436,2025-12-17,5,76.0,143
6437,2025-12-17,7,72.0,143
6438,2025-12-17,3,79.2,143
6439,2025-12-17,9,57.6,143
6440,2025-12-18,19,75.2,144
6441,2025-12-18,23,79.6,144
6442,2025-12-18,28,73.6,144
6443,2025-12-18,16,74.8,144
6444,2025-12-18,8,72.4,144
6445,2025-12-18,27,73.6,144
6446,2025-12-18,25,81.6,144
6447,2025-12-18,28,73.6,144
6448,2025-12-18,6,76.8,144
6449,2025-12-18,20,89.2,144
6450,2025-12-18,21,82.8,144
6451,2025-12-18,26,12.8,144
6452,2025-12-18,13,60.0,144
6453,2025-12-18,9,60.4,144
6454,2025-12-18,11,74.8,144
6455,2025-12-18,10,67.2,144
6456,2025-12-18,1,67.2,144
6457,2025-12-18,2,55.2,144
6458,2025-12-18,15,81.2,144
6459,2025-12-18,12,25.2,144
6460,2025-12-18,3,77.2,144
6461,2025-12-18,2,55.2,144
6462,2025-12-18,18,68.0,144
6463,2025-12-18,14,82.8,144
6464,2025-12-18,5,76.0,144
6465,2025-12-18,4,72.0,144
6466,2025-12-18,1,67.2,144
6467,2025-12-18,24,84.4,144
6468,2025-12-18,16,74.8,144
6469,2025-12-18,9,60.4,144
6470,2025-12-18,24,84.4,144
6471,2025-12-18,25,81.6,144
6472,2025-12-18,22,71.2,144
6473,2025-12-18,23,79.6,144
6474,2025-12-18,26,12.8,144
6475,2025-12-18,21,82.8,144
6476,2025-12-18,20,89.2,144
6477,2025-12-18,19,75.2,144
6478,2025-12-18,17,78.0,144
6479,2025-12-18,18,68.0,144
6480,2025-12-18,15,81.2,144
6481,2025-12-18,27,73.6,144
6482,2025-12-18,22,71.2,144
6483,2025-12-18,5,76.0,144
6484,2025-12-18,10,67.2,144
6485,2025-12-18,6,76.8,144
6486,2025-12-18,8,72.4,144
6487,2025-12-18,13,60.0,144
6488,2025-12-18,17,78.0,144
6489,2025-12-18,11,74.8,144
6490,2025-12-18,3,77.2,144
6491,2025-12-18,12,25.2,144
6492,2025-12-18,7,71.6,144
6493,2025-12-18,14,82.8,144
6494,2025-12-18,7,71.6,144
6495,2025-12-18,4,72.0,144
6496,2025-12-19,2,56.4,145
6497,2025-12-19,24,75.2,145
6498,2025-12-19,20,86.8,145
6499,2025-12-19,21,86.4,145
6500,2025-12-19,22,69.6,145
6501,2025-12-19,23,80.4,145
6502,2025-12-19,18,60.8,145
6503,2025-12-19,25,80.0,145
6504,2025-12-19,14,78.4,145
6505,2025-12-19,26,9.6,145
6506,2025-12-19,27,68.0,145
6507,2025-12-19,28,79.2,145
6508,2025-12-19,19,78.4,145
6509,2025-12-19,10,58.8,145
6510,2025-12-19,4,71.6,145
6511,2025-12-19,5,69.2,145
6512,2025-12-19,6,74.8,145
6513,2025-12-19,9,57.6,145
6514,2025-12-19,8,72.4,145
6515,2025-12-19,12,25.2,145
6516,2025-12-19,7,71.2,145
6517,2025-12-19,11,68.8,145
6518,2025-12-19,16,73.2,145
6519,2025-12-19,13,62.4,145
6520,2025-12-19,14,78.4,145
6521,2025-12-19,3,74.4,145
6522,2025-12-19,15,80.8,145
6523,2025-12-19,17,74.8,145
6524,2025-12-19,26,9.6,145
6525,2025-12-19,22,69.6,145
6526,2025-12-19,17,74.8,145
6527,2025-12-19,16,73.2,145
6528,2025-12-19,19,78.4,145
6529,2025-12-19,23,80.4,145
6530,2025-12-19,25,80.0,145
6531,2025-12-19,10,58.8,145
6532,2025-12-19,18,60.8,145
6533,2025-12-19,1,76.0,145
6534,2025-12-19,20,86.8,145
6535,2025-12-19,24,75.2,145
6536,2025-12-19,21,86.4,145
6537,2025-12-19,6,74.8,145
6538,2025-12-19,28,79.2,145
6539,2025-12-19,15,80.8,145
6540,2025-12-19,8,72.4,145
6541,2025-12-19,9,57.6,145
6542,2025-12-19,4,71.6,145
6543,2025-12-19,2,56.4,145
6544,2025-12-19,3,74.4,145
6545,2025-12-19,7,71.2,145
6546,2025-12-19,5,69.2,145
6547,2025-12-19,1,76.0,145
6548,2025-12-19,11,68.8,145
6549,2025-12-19,12,25.2,145
6550,2025-12-19,27,68.0,145
6551,2025-12-19,13,62.4,145
6552,2025-12-20,8,74.8,146
6553,2025-12-20,20,86.4,146
6554,2025-12-20,21,82.4,146
6555,2025-12-20,16,79.2,146
6556,2025-12-20,9,59.2,146
6557,2025-12-20,14,90.4,146
6558,2025-12-20,15,84.0,146
6559,2025-12-20,25,80.8,146
6560,2025-12-20,26,13.6,146
6561,2025-12-20,27,72.0,146
6562,2025-12-20,4,78.4,146
6563,2025-12-20,19,78.4,146
6564,2025-12-20,28,71.2,146
6565,2025-12-20,18,68.0,146
6566,2025-12-20,17,76.0,146
6567,2025-12-20,7,76.0,146
6568,2025-12-20,1,69.6,146
6569,2025-12-20,3,74.0,146
6570,2025-12-20,24,78.8,146
6571,2025-12-20,5,74.4,146
6572,2025-12-20,22,71.2,146
6573,2025-12-20,2,61.6,146
6574,2025-12-20,23,74.4,146
6575,2025-12-20,11,75.2,146
6576,2025-12-20,10,63.6,146
6577,2025-12-20,13,58.0,146
6578,2025-12-20,12,20.4,146
6579,2025-12-20,6,83.6,146
6580,2025-12-20,23,74.4,146
6581,2025-12-20,18,68.0,146
6582,2025-12-20,27,72.0,146
6583,2025-12-20,14,90.4,146
6584,2025-12-20,13,58.0,146
6585,2025-12-20,1,69.6,146
6586,2025-12-20,28,71.2,146
6587,2025-12-20,16,79.2,146
6588,2025-12-20,8,74.8,146
6589,2025-12-20,2,61.6,146
6590,2025-12-20,7,76.0,146
6591,2025-12-20,21,82.4,146
6592,2025-12-20,9,59.2,146
6593,2025-12-20,5,74.4,146
6594,2025-12-20,24,78.8,146
6595,2025-12-20,4,78.4,146
6596,2025-12-20,3,74.0,146
6597,2025-12-20,17,76.0,146
6598,2025-12-20,6,83.6,146
6599,2025-12-20,19,78.4,146
6600,2025-12-20,20,86.4,146
6601,2025-12-20,12,20.4,146
6602,2025-12-20,15,84.0,146
6603,2025-12-20,10,63.6,146
6604,2025-12-20,22,71.2,146
6605,2025-12-20,11,75.2,146
6606,2025-12-20,26,13.6,146
6607,2025-12-20,25,80.8,146
6608,2025-12-21,25,82.8,147
6609,2025-12-21,18,66.4,147
6610,2025-12-21,20,86.8,147
6611,2025-12-21,21,95.6,147
6612,2025-12-21,16,81.6,147
6613,2025-12-21,27,77.2,147
6614,2025-12-21,2,58.8,147
6615,2025-12-21,22,68.8,147
6616,2025-12-21,17,82.8,147
6617,2025-12-21,26,14.0,147
6618,2025-12-21,14,68.4,147
6619,2025-12-21,28,86.8,147
6620,2025-12-21,1,54.8,147
6621,2025-12-21,2,58.8,147
6622,2025-12-21,7,77.2,147
6623,2025-12-21,13,68.0,147
6624,2025-12-21,1,54.8,147
6625,2025-12-21,9,63.6,147
6626,2025-12-21,6,83.6,147
6627,2025-12-21,5,80.8,147
6628,2025-12-21,11,77.2,147
6629,2025-12-21,3,78.0,147
6630,2025-12-21,15,88.8,147
6631,2025-12-21,10,66.0,147
6632,2025-12-21,19,86.8,147
6633,2025-12-21,23,86.4,147
6634,2025-12-21,24,85.6,147
6635,2025-12-21,12,26.4,147
6636,2025-12-21,14,68.4,147
6637,2025-12-21,22,68.8,147
6638,2025-12-21,15,88.8,147
6639,2025-12-21,4,79.6,147
6640,2025-12-21,7,77.2,147
6641,2025-12-21,13,68.0,147
6642,2025-12-21,8,78.8,147
6643,2025-12-21,9,63.6,147
6644,2025-12-21,6,83.6,147
6645,2025-12-21,5,80.8,147
6646,2025-12-21,10,66.0,147
6647,2025-12-21,11,77.2,147
6648,2025-12-21,12,26.4,147
6649,2025-12-21,8,78.8,147
6650,2025-12-21,17,82.8,147
6651,2025-12-21,18,66.4,147
6652,2025-12-21,4,79.6,147
6653,2025-12-21,28,86.8,147
6654,2025-12-21,3,78.0,147
6655,2025-12-21,27,77.2,147
6656,2025-12-21,26,14.0,147
6657,2025-12-21,25,82.8,147
6658,2025-12-21,16,81.6,147
6659,2025-12-21,23,86.4,147
6660,2025-12-21,24,85.6,147
6661,2025-12-21,21,95.6,147
6662,2025-12-21,20,86.8,147
6663,2025-12-21,19,86.8,147
6664,2025-12-22,19,88.0,148
6665,2025-12-22,21,87.6,148
6666,2025-12-22,10,67.6,148
6667,2025-12-22,23,84.8,148
6668,2025-12-22,4,86.8,148
6669,2025-12-22,15,83.6,148
6670,2025-12-22,11,80.0,148
6671,2025-12-22,12,26.0,148
6672,2025-12-22,13,64.8,148
6673,2025-12-22,18,72.4,148
6674,2025-12-22,14,86.8,148
6675,2025-12-22,16,88.0,148
6676,2025-12-22,22,83.2,148
6677,2025-12-22,12,26.0,148
6678,2025-12-22,8,76.8,148
6679,2025-12-22,6,88.0,148
6680,2025-12-22,3,81.2,148
6681,2025-12-22,17,90.4,148
6682,2025-12-22,27,82.8,148
6683,2025-12-22,2,61.2,148
6684,2025-12-22,7,78.4,148
6685,2025-12-22,25,78.4,148
6686,2025-12-22,1,68.8,148
6687,2025-12-22,26,19.2,148
6688,2025-12-22,9,66.4,148
6689,2025-12-22,5,76.4,148
6690,2025-12-22,24,88.0,148
6691,2025-12-22,20,91.6,148
6692,2025-12-22,13,64.8,148
6693,2025-12-22,16,88.0,148
6694,2025-12-22,14,86.8,148
6695,2025-12-22,27,82.8,148
6696,2025-12-22,6,88.0,148
6697,2025-12-22,1,68.8,148
6698,2025-12-22,21,87.6,148
6699,2025-12-22,26,19.2,148
6700,2025-12-22,8,76.8,148
6701,2025-12-22,25,78.4,148
6702,2025-12-22,28,90.8,148
6703,2025-12-22,24,88.0,148
6704,2025-12-22,7,78.4,148
6705,2025-12-22,28,90.8,148
6706,2025-12-22,17,90.4,148
6707,2025-12-22,15,83.6,148
6708,2025-12-22,10,67.6,148
6709,2025-12-22,11,80.0,148
6710,2025-12-22,9,66.4,148
6711,2025-12-22,2,61.2,148
6712,2025-12-22,23,84.8,148
6713,2025-12-22,5,76.4,148
6714,2025-12-22,4,86.8,148
6715,2025-12-22,20,91.6,148
6716,2025-12-22,19,88.0,148
6717,2025-12-22,3,81.2,148
6718,2025-12-22,18,72.4,148
6719,2025-12-22,22,83.2,148
6720,2025-12-23,13,62.4,149
6721,2025-12-23,14,79.6,149
6722,2025-12-23,10,69.6,149
6723,2025-12-23,9,65.6,149
6724,2025-12-23,21,93.6,149
6725,2025-12-23,7,78.8,149
6726,2025-12-23,26,18.8,149
6727,2025-12-23,5,78.0,149
6728,2025-12-23,4,77.6,149
6729,2025-12-23,19,88.4,149
6730,2025-12-23,22,78.4,149
6731,2025-12-23,16,84.8,149
6732,2025-12-23,1,76.8,149
6733,2025-12-23,17,78.4,149
6734,2025-12-23,18,79.2,149
6735,2025-12-23,27,80.8,149
6736,2025-12-23,11,78.8,149
6737,2025-12-23,25,84.8,149
6738,2025-12-23,6,60.8,149
6739,2025-12-23,24,83.6,149
6740,2025-12-23,8,81.2,149
6741,2025-12-23,14,79.6,149
6742,2025-12-23,3,80.0,149
6743,2025-12-23,23,82.0,149
6744,2025-12-23,9,65.6,149
6745,2025-12-23,20,95.2,149
6746,2025-12-23,12,22.8,149
6747,2025-12-23,2,58.4,149
6748,2025-12-23,21,93.6,149
6749,2025-12-23,1,76.8,149
6750,2025-12-23,22,78.4,149
6751,2025-12-23,12,22.8,149
6752,2025-12-23,11,78.8,149
6753,2025-12-23,17,78.4,149
6754,2025-12-23,10,69.6,149
6755,2025-12-23,15,78.8,149
6756,2025-12-23,7,78.8,149
6757,2025-12-23,6,60.8,149
6758,2025-12-23,24,83.6,149
6759,2025-12-23,20,95.2,149
6760,2025-12-23,8,81.2,149
6761,2025-12-23,28,84.8,149
6762,2025-12-23,19,88.4,149
6763,2025-12-23,26,18.8,149
6764,2025-12-23,16,84.8,149
6765,2025-12-23,23,82.0,149
6766,2025-12-23,4,77.6,149
6767,2025-12-23,28,84.8,149
6768,2025-12-23,15,78.8,149
6769,2025-12-23,3,80.0,149
6770,2025-12-23,18,79.2,149
6771,2025-12-23,5,78.0,149
6772,2025-12-23,27,80.8,149
6773,2025-12-23,13,62.4,149
6774,2025-12-23,25,84.8,149
6775,2025-12-23,2,58.4,149
6776,2025-12-24,10,72.4,150
6777,2025-12-24,1,79.6,150
6778,2025-12-24,7,81.2,150
6779,2025-12-24,26,19.6,150
6780,2025-12-24,16,83.6,150
6781,2025-12-24,2,61.6,150
6782,2025-12-24,14,86.8,150
6783,2025-12-24,18,77.6,150
6784,2025-12-24,4,71.6,150
6785,2025-12-24,5,80.0,150
6786,2025-12-24,22,80.0,150
6787,2025-12-24,19,89.2,150
6788,2025-12-24,6,88.8,150
6789,2025-12-24,28,86.0,150
6790,2025-12-24,25,92.8,150
6791,2025-12-24,21,88.0,150
6792,2025-12-24,17,86.4,150
6793,2025-12-24,3,82.4,150
6794,2025-12-24,24,82.4,150
6795,2025-12-24,8,77.2,150
6796,2025-12-24,11,78.8,150
6797,2025-12-24,9,75.6,150
6798,2025-12-24,15,90.4,150
6799,2025-12-24,12,22.4,150
6800,2025-12-24,23,80.0,150
6801,2025-12-24,13,67.2,150
6802,2025-12-24,10,72.4,150
6803,2025-12-24,1,79.6,150
6804,2025-12-24,3,82.4,150
6805,2025-12-24,20,83.6,150
6806,2025-12-24,27,79.2,150
6807,2025-12-24,22,80.0,150
6808,2025-12-24,2,61.6,150
6809,2025-12-24,23,80.0,150
6810,2025-12-24,6,88.8,150
6811,2025-12-24,8,77.2,150
6812,2025-12-24,28,86.0,150
6813,2025-12-24,13,67.2,150
6814,2025-12-24,26,19.6,150
6815,2025-12-24,9,75.6,150
6816,2025-12-24,15,90.4,150
6817,2025-12-24,11,78.8,150
6818,2025-12-24,4,71.6,150
6819,2025-12-24,12,22.4,150
6820,2025-12-24,16,83.6,150
6821,2025-12-24,19,89.2,150
6822,2025-12-24,21,88.0,150
6823,2025-12-24,20,83.6,150
6824,2025-12-24,5,80.0,150
6825,2025-12-24,24,82.4,150
6826,2025-12-24,25,92.8,150
6827,2025-12-24,27,79.2,150
6828,2025-12-24,14,86.8,150
6829,2025-12-24,17,86.4,150
6830,2025-12-24,7,81.2,150
6831,2025-12-24,18,77.6,150
6832,2025-12-25,16,80.8,151
6833,2025-12-25,12,22.4,151
6834,2025-12-25,17,85.6,151
6835,2025-12-25,19,82.8,151
6836,2025-12-25,27,80.0,151
6837,2025-12-25,25,86.4,151
6838,2025-12-25,17,85.6,151
6839,2025-12-25,2,62.4,151
6840,2025-12-25,4,77.2,151
6841,2025-12-25,14,84.8,151
6842,2025-12-25,15,78.8,151
6843,2025-12-25,11,78.8,151
6844,2025-12-25,21,90.8,151
6845,2025-12-25,9,71.2,151
6846,2025-12-25,9,71.2,151
6847,2025-12-25,8,76.8,151
6848,2025-12-25,8,76.8,151
6849,2025-12-25,7,79.6,151
6850,2025-12-25,7,79.6,151
6851,2025-12-25,13,62.4,151
6852,2025-12-25,6,77.6,151
6853,2025-12-25,5,84.0,151
6854,2025-12-25,6,77.6,151
6855,2025-12-25,12,22.4,151
6856,2025-12-25,11,78.8,151
6857,2025-12-25,15,78.8,151
6858,2025-12-25,10,70.0,151
6859,2025-12-25,13,62.4,151
6860,2025-12-25,1,79.6,151
6861,2025-12-25,26,16.8,151
6862,2025-12-25,27,80.0,151
6863,2025-12-25,2,62.4,151
6864,2025-12-25,19,82.8,151
6865,2025-12-25,28,85.2,151
6866,2025-12-25,25,86.4,151
6867,2025-12-25,20,90.4,151
6868,2025-12-25,20,90.4,151
6869,2025-12-25,24,82.0,151
6870,2025-12-25,22,81.6,151
6871,2025-12-25,23,74.8,151
6872,2025-12-25,26,16.8,151
6873,2025-12-25,3,82.0,151
6874,2025-12-25,21,90.8,151
6875,2025-12-25,4,77.2,151
6876,2025-12-25,28,85.2,151
6877,2025-12-25,5,84.0,151
6878,2025-12-25,23,74.8,151
6879,2025-12-25,18,73.2,151
6880,2025-12-25,10,70.0,151
6881,2025-12-25,1,79.6,151
6882,2025-12-25,18,73.2,151
6883,2025-12-25,22,81.6,151
6884,2025-12-25,3,82.0,151
6885,2025-12-25,14,84.8,151
6886,2025-12-25,16,80.8,151
6887,2025-12-25,24,82.0,151
6888,2025-12-26,28,82.8,152
6889,2025-12-26,26,18.8,152
6890,2025-12-26,12,22.4,152
6891,2025-12-26,14,91.2,152
6892,2025-12-26,4,66.8,152
6893,2025-12-26,17,76.4,152
6894,2025-12-26,16,84.4,152
6895,2025-12-26,25,82.8,152
6896,2025-12-26,6,73.6,152
6897,2025-12-26,23,75.6,152
6898,2025-12-26,19,83.6,152
6899,2025-12-26,21,92.4,152
6900,2025-12-26,11,81.2,152
6901,2025-12-26,20,82.4,152
6902,2025-12-26,15,85.6,152
6903,2025-12-26,22,72.0,152
6904,2025-12-26,24,79.6,152
6905,2025-12-26,4,66.8,152
6906,2025-12-26,2,60.4,152
6907,2025-12-26,1,65.2,152
6908,2025-12-26,5,76.8,152
6909,2025-12-26,8,74.4,152
6910,2025-12-26,7,76.8,152
6911,2025-12-26,3,78.4,152
6912,2025-12-26,18,74.4,152
6913,2025-12-26,27,78.0,152
6914,2025-12-26,10,66.0,152
6915,2025-12-26,13,66.8,152
6916,2025-12-26,8,74.4,152
6917,2025-12-26,15,85.6,152
6918,2025-12-26,23,75.6,152
6919,2025-12-26,17,76.4,152
6920,2025-12-26,7,76.8,152
6921,2025-12-26,18,74.4,152
6922,2025-12-26,26,18.8,152
6923,2025-12-26,25,82.8,152
6924,2025-12-26,16,84.4,152
6925,2025-12-26,1,65.2,152
6926,2025-12-26,6,73.6,152
6927,2025-12-26,9,70.8,152
6928,2025-12-26,11,81.2,152
6929,2025-12-26,20,82.4,152
6930,2025-12-26,22,72.0,152
6931,2025-12-26,3,78.4,152
6932,2025-12-26,24,79.6,152
6933,2025-12-26,27,78.0,152
6934,2025-12-26,21,92.4,152
6935,2025-12-26,19,83.6,152
6936,2025-12-26,28,82.8,152
6937,2025-12-26,13,66.8,152
6938,2025-12-26,9,70.8,152
6939,2025-12-26,12,22.4,152
6940,2025-12-26,14,91.2,152
6941,2025-12-26,5,76.8,152
6942,2025-12-26,2,60.4,152
6943,2025-12-26,10,66.0,152
6944,2025-12-27,20,92.0,153
6945,2025-12-27,21,92.0,153
6946,2025-12-27,18,77.6,153
6947,2025-12-27,19,92.4,153
6948,2025-12-27,23,76.0,153
6949,2025-12-27,2,60.0,153
6950,2025-12-27,27,82.0,153
6951,2025-12-27,22,79.6,153
6952,2025-12-27,3,88.4,153
6953,2025-12-27,18,77.6,153
6954,2025-12-27,17,80.4,153
6955,2025-12-27,5,84.4,153
6956,2025-12-27,24,81.2,153
6957,2025-12-27,10,74.8,153
6958,2025-12-27,8,77.6,153
6959,2025-12-27,11,77.2,153
6960,2025-12-27,16,71.6,153
6961,2025-12-27,24,81.2,153
6962,2025-12-27,26,6.0,153
6963,2025-12-27,9,75.2,153
6964,2025-12-27,27,82.0,153
6965,2025-12-27,15,86.4,153
6966,2025-12-27,21,92.0,153
6967,2025-12-27,25,91.2,153
6968,2025-12-27,12,30.4,153
6969,2025-12-27,28,88.8,153
6970,2025-12-27,6,80.0,153
6971,2025-12-27,20,92.0,153
6972,2025-12-27,3,88.4,153
6973,2025-12-27,4,88.0,153
6974,2025-12-27,11,77.2,153
6975,2025-12-27,12,30.4,153
6976,2025-12-27,9,75.2,153
6977,2025-12-27,10,74.8,153
6978,2025-12-27,1,77.2,153
6979,2025-12-27,8,77.6,153
6980,2025-12-27,5,84.4,153
6981,2025-12-27,6,80.0,153
6982,2025-12-27,4,88.0,153
6983,2025-12-27,14,77.6,153
6984,2025-12-27,2,60.0,153
6985,2025-12-27,25,91.2,153
6986,2025-12-27,13,72.8,153
6987,2025-12-27,19,92.4,153
6988,2025-12-27,13,72.8,153
6989,2025-12-27,22,79.6,153
6990,2025-12-27,14,77.6,153
6991,2025-12-27,23,76.0,153
6992,2025-12-27,7,84.8,153
6993,2025-12-27,17,80.4,153
6994,2025-12-27,1,77.2,153
6995,2025-12-27,16,71.6,153
6996,2025-12-27,26,6.0,153
6997,2025-12-27,28,88.8,153
6998,2025-12-27,7,84.8,153
6999,2025-12-27,15,86.4,153
7000,2025-12-28,6,71.2,154
7001,2025-12-28,24,78.4,154
7002,2025-12-28,23,82.4,154
7003,2025-12-28,27,79.2,154
7004,2025-12-28,26,0.8,154
7005,2025-12-28,25,83.2,154
7006,2025-12-28,12,32.8,154
7007,2025-12-28,16,78.4,154
7008,2025-12-28,20,88.4,154
7009,2025-12-28,22,69.2,154
7010,2025-12-28,19,85.6,154
7011,2025-12-28,1,78.8,154
7012,2025-12-28,15,84.8,154
7013,2025-12-28,11,78.4,154
7014,2025-12-28,4,79.6,154
7015,2025-12-28,5,75.2,154
7016,2025-12-28,14,99.6,154
7017,2025-12-28,28,88.0,154
7018,2025-12-28,9,70.0,154
7019,2025-12-28,7,69.2,154
7020,2025-12-28,10,65.6,154
7021,2025-12-28,13,66.0,154
7022,2025-12-28,8,74.0,154
7023,2025-12-28,2,68.8,154
7024,2025-12-28,17,83.2,154
7025,2025-12-28,21,84.8,154
7026,2025-12-28,3,78.4,154
7027,2025-12-28,18,67.2,154
7028,2025-12-28,13,66.0,154
7029,2025-12-28,26,0.8,154
7030,2025-12-28,7,69.2,154
7031,2025-12-28,4,79.6,154
7032,2025-12-28,2,68.8,154
7033,2025-12-28,5,75.2,154
7034,2025-12-28,12,32.8,154
7035,2025-12-28,27,79.2,154
7036,2025-12-28,8,74.0,154
7037,2025-12-28,28,88.0,154
7038,2025-12-28,9,70.0,154
7039,2025-12-28,10,65.6,154
7040,2025-12-28,6,71.2,154
7041,2025-12-28,1,78.8,154
7042,2025-12-28,11,78.4,154
7043,2025-12-28,15,84.8,154
7044,2025-12-28,25,83.2,154
7045,2025-12-28,24,78.4,154
7046,2025-12-28,23,82.4,154
7047,2025-12-28,20,88.4,154
7048,2025-12-28,21,84.8,154
7049,2025-12-28,17,83.2,154
7050,2025-12-28,22,69.2,154
7051,2025-12-28,18,67.2,154
7052,2025-12-28,14,99.6,154
7053,2025-12-28,16,78.4,154
7054,2025-12-28,3,78.4,154
7055,2025-12-28,19,85.6,154
7056,2025-12-29,8,67.2,155
7057,2025-12-29,15,85.2,155
7058,2025-12-29,25,87.6,155
7059,2025-12-29,14,74.0,155
7060,2025-12-29,9,67.2,155
7061,2025-12-29,13,66.8,155
7062,2025-12-29,27,82.0,155
7063,2025-12-29,21,74.4,155
7064,2025-12-29,20,86.8,155
7065,2025-12-29,19,81.6,155
7066,2025-12-29,1,70.8,155
7067,2025-12-29,9,67.2,155
7068,2025-12-29,18,74.8,155
7069,2025-12-29,16,68.0,155
7070,2025-12-29,17,76.8,155
7071,2025-12-29,7,73.2,155
7072,2025-12-29,23,85.2,155
7073,2025-12-29,26,5.6,155
7074,2025-12-29,22,71.2,155
7075,2025-12-29,5,78.4,155
7076,2025-12-29,24,84.4,155
7077,2025-12-29,2,67.2,155
7078,2025-12-29,21,74.4,155
7079,2025-12-29,5,78.4,155
7080,2025-12-29,10,72.0,155
7081,2025-12-29,12,42.4,155
7082,2025-12-29,11,76.8,155
7083,2025-12-29,6,74.4,155
7084,2025-12-29,22,71.2,155
7085,2025-12-29,17,76.8,155
7086,2025-12-29,26,5.6,155
7087,2025-12-29,12,42.4,155
7088,2025-12-29,11,76.8,155
7089,2025-12-29,16,68.0,155
7090,2025-12-29,15,85.2,155
7091,2025-12-29,3,79.6,155
7092,2025-12-29,19,81.6,155
7093,2025-12-29,6,74.4,155
7094,2025-12-29,4,85.6,155
7095,2025-12-29,27,82.0,155
7096,2025-12-29,13,66.8,155
7097,2025-12-29,3,79.6,155
7098,2025-12-29,18,74.8,155
7099,2025-12-29,2,67.2,155
7100,2025-12-29,24,84.4,155
7101,2025-12-29,25,87.6,155
7102,2025-12-29,1,70.8,155
7103,2025-12-29,4,85.6,155
7104,2025-12-29,14,74.0,155
7105,2025-12-29,8,67.2,155
7106,2025-12-29,20,86.8,155
7107,2025-12-29,7,73.2,155
7108,2025-12-29,28,80.8,155
7109,2025-12-29,10,72.0,155
7110,2025-12-29,28,80.8,155
7111,2025-12-29,23,85.2,155
7112,2025-12-30,14,96.4,156
7113,2025-12-30,5,79.2,156
7114,2025-12-30,6,84.4,156
7115,2025-12-30,7,78.4,156
7116,2025-12-30,28,90.4,156
7117,2025-12-30,10,74.0,156
7118,2025-12-30,4,79.6,156
7119,2025-12-30,8,63.6,156
7120,2025-12-30,9,71.6,156
7121,2025-12-30,11,86.4,156
7122,2025-12-30,12,42.0,156
7123,2025-12-30,13,67.2,156
7124,2025-12-30,16,70.0,156
7125,2025-12-30,26,1.6,156
7126,2025-12-30,3,82.8,156
7127,2025-12-30,19,91.6,156
7128,2025-12-30,20,86.8,156
7129,2025-12-30,23,90.0,156
7130,2025-12-30,22,80.4,156
7131,2025-12-30,1,83.2,156
7132,2025-12-30,18,79.6,156
7133,2025-12-30,25,93.6,156
7134,2025-12-30,24,87.6,156
7135,2025-12-30,15,84.0,156
7136,2025-12-30,2,66.0,156
7137,2025-12-30,17,73.6,156
7138,2025-12-30,21,85.2,156
7139,2025-12-30,27,78.4,156
7140,2025-12-30,21,85.2,156
7141,2025-12-30,3,82.8,156
7142,2025-12-30,15,84.0,156
7143,2025-12-30,27,78.4,156
7144,2025-12-30,25,93.6,156
7145,2025-12-30,17,73.6,156
7146,2025-12-30,16,70.0,156
7147,2025-12-30,19,91.6,156
7148,2025-12-30,26,1.6,156
7149,2025-12-30,22,80.4,156
7150,2025-12-30,24,87.6,156
7151,2025-12-30,20,86.8,156
7152,2025-12-30,18,79.6,156
7153,2025-12-30,23,90.0,156
7154,2025-12-30,28,90.4,156
7155,2025-12-30,7,78.4,156
7156,2025-12-30,6,84.4,156
7157,2025-12-30,12,42.0,156
7158,2025-12-30,11,86.4,156
7159,2025-12-30,10,74.0,156
7160,2025-12-30,8,63.6,156
7161,2025-12-30,9,71.6,156
7162,2025-12-30,14,96.4,156
7163,2025-12-30,5,79.2,156
7164,2025-12-30,4,79.6,156
7165,2025-12-30,2,66.0,156
7166,2025-12-30,13,67.2,156
7167,2025-12-30,1,83.2,156
7168,2025-12-31,21,84.8,157
7169,2025-12-31,23,85.6,157
7170,2025-12-31,24,79.2,157
7171,2025-12-31,12,42.4,157
7172,2025-12-31,7,80.4,157
7173,2025-12-31,17,72.4,157
7174,2025-12-31,13,63.6,157
7175,2025-12-31,3,76.0,157
7176,2025-12-31,14,72.0,157
7177,2025-12-31,20,83.6,157
7178,2025-12-31,16,68.4,157
7179,2025-12-31,18,76.0,157
7180,2025-12-31,25,87.6,157
7181,2025-12-31,2,62.8,157
7182,2025-12-31,11,78.4,157
7183,2025-12-31,9,70.4,157
7184,2025-12-31,6,77.6,157
7185,2025-12-31,19,80.0,157
7186,2025-12-31,27,74.4,157
7187,2025-12-31,5,76.4,157
7188,2025-12-31,10,68.0,157
7189,2025-12-31,15,81.2,157
7190,2025-12-31,4,79.6,157
7191,2025-12-31,1,82.0,157
7192,2025-12-31,26,8.4,157
7193,2025-12-31,8,72.8,157
7194,2025-12-31,13,63.6,157
7195,2025-12-31,22,74.0,157
7196,2025-12-31,12,42.4,157
7197,2025-12-31,25,87.6,157
7198,2025-12-31,5,76.4,157
7199,2025-12-31,17,72.4,157
7200,2025-12-31,6,77.6,157
7201,2025-12-31,23,85.6,157
7202,2025-12-31,19,80.0,157
7203,2025-12-31,27,74.4,157
7204,2025-12-31,7,80.4,157
7205,2025-12-31,26,8.4,157
7206,2025-12-31,28,84.0,157
7207,2025-12-31,9,70.4,157
7208,2025-12-31,20,83.6,157
7209,2025-12-31,21,84.8,157
7210,2025-12-31,18,76.0,157
7211,2025-12-31,15,81.2,157
7212,2025-12-31,1,82.0,157
7213,2025-12-31,11,78.4,157
7214,2025-12-31,8,72.8,157
7215,2025-12-31,14,72.0,157
7216,2025-12-31,22,74.0,157
7217,2025-12-31,4,79.6,157
7218,2025-12-31,3,76.0,157
7219,2025-12-31,10,68.0,157
7220,2025-12-31,28,84.0,157
7221,2025-12-31,2,62.8,157
7222,2025-12-31,24,79.2,157
7223,2025-12-31,16,68.4,157
7224,2026-01-01,14,69.2,158
7225,2026-01-01,18,26.0,158
7226,2026-01-01,10,68.0,158
7227,2026-01-01,9,37.2,158
7228,2026-01-01,25,81.2,158
7229,2026-01-01,6,30.8,158
7230,2026-01-01,20,32.0,158
7231,2026-01-01,4,22.4,158
7232,2026-01-01,3,21.2,158
7233,2026-01-01,27,63.6,158
7234,2026-01-01,23,32.0,158
7235,2026-01-01,7,28.4,158
7236,2026-01-01,26,5.6,158
7237,2026-01-01,16,22.0,158
7238,2026-01-01,15,30.4,158
7239,2026-01-01,19,29.6,158
7240,2026-01-01,11,79.2,158
7241,2026-01-01,21,32.4,158
7242,2026-01-01,5,21.2,158
7243,2026-01-01,24,75.2,158
7244,2026-01-01,8,16.4,158
7245,2026-01-01,17,21.6,158
7246,2026-01-01,2,20.8,158
7247,2026-01-01,22,22.8,158
7248,2026-01-01,13,54.4,158
7249,2026-01-01,28,72.8,158
7250,2026-01-01,12,18.0,158
7251,2026-01-01,1,35.2,158
7252,2026-01-01,13,54.4,158
7253,2026-01-01,6,30.8,158
7254,2026-01-01,15,30.4,158
7255,2026-01-01,20,32.0,158
7256,2026-01-01,8,16.4,158
7257,2026-01-01,16,22.0,158
7258,2026-01-01,12,18.0,158
7259,2026-01-01,21,32.4,158
7260,2026-01-01,10,68.0,158
7261,2026-01-01,2,20.8,158
7262,2026-01-01,23,32.0,158
7263,2026-01-01,3,21.2,158
7264,2026-01-01,18,26.0,158
7265,2026-01-01,5,21.2,158
7266,2026-01-01,22,22.8,158
7267,2026-01-01,1,35.2,158
7268,2026-01-01,17,21.6,158
7269,2026-01-01,24,75.2,158
7270,2026-01-01,9,37.2,158
7271,2026-01-01,28,72.8,158
7272,2026-01-01,14,69.2,158
7273,2026-01-01,7,28.4,158
7274,2026-01-01,27,63.6,158
7275,2026-01-01,11,79.2,158
7276,2026-01-01,26,5.6,158
7277,2026-01-01,19,29.6,158
7278,2026-01-01,25,81.2,158
7279,2026-01-01,4,22.4,158
7280,2026-01-02,10,29.6,159
7281,2026-01-02,8,4.8,159
7282,2026-01-02,4,4.8,159
7283,2026-01-02,6,4.8,159
7284,2026-01-02,9,4.8,159
7285,2026-01-02,11,34.4,159
7286,2026-01-02,6,4.8,159
7287,2026-01-02,13,28.0,159
7288,2026-01-02,9,4.8,159
7289,2026-01-02,28,30.0,159
7290,2026-01-02,4,4.8,159
7291,2026-01-02,11,34.4,159
7292,2026-01-02,2,4.8,159
7293,2026-01-02,12,14.0,159
7294,2026-01-02,7,4.8,159
7295,2026-01-02,3,4.8,159
7296,2026-01-02,15,4.8,159
7297,2026-01-02,8,4.8,159
7298,2026-01-02,14,32.4,159
7299,2026-01-02,5,4.8,159
7300,2026-01-02,1,4.8,159
7301,2026-01-02,3,4.8,159
7302,2026-01-02,5,4.8,159
7303,2026-01-02,1,4.8,159
7304,2026-01-02,10,29.6,159
7305,2026-01-02,14,32.4,159
7306,2026-01-02,16,4.8,159
7307,2026-01-02,12,14.0,159
7308,2026-01-02,20,4.8,159
7309,2026-01-02,2,4.8,159
7310,2026-01-02,19,4.8,159
7311,2026-01-02,27,22.4,159
7312,2026-01-02,25,31.2,159
7313,2026-01-02,26,15.6,159
7314,2026-01-02,27,22.4,159
7315,2026-01-02,23,4.8,159
7316,2026-01-02,21,4.8,159
7317,2026-01-02,19,4.8,159
7318,2026-01-02,23,4.8,159
7319,2026-01-02,28,30.0,159
7320,2026-01-02,17,4.8,159
7321,2026-01-02,16,4.8,159
7322,2026-01-02,17,4.8,159
7323,2026-01-02,20,4.8,159
7324,2026-01-02,21,4.8,159
7325,2026-01-02,18,4.8,159
7326,2026-01-02,13,28.0,159
7327,2026-01-02,15,4.8,159
7328,2026-01-02,24,32.4,159
7329,2026-01-02,25,31.2,159
7330,2026-01-02,24,32.4,159
7331,2026-01-02,22,4.8,159
7332,2026-01-02,18,4.8,159
7333,2026-01-02,22,4.8,159
7334,2026-01-02,26,15.6,159
7335,2026-01-02,7,4.8,159
7336,2026-01-03,16,2.0,160
7337,2026-01-03,4,2.0,160
7338,2026-01-03,17,2.0,160
7339,2026-01-03,22,2.0,160
7340,2026-01-03,3,2.0,160
7341,2026-01-03,8,2.0,160
7342,2026-01-03,6,2.0,160
7343,2026-01-03,26,15.2,160
7344,2026-01-03,24,14.0,160
7345,2026-01-03,20,2.0,160
7346,2026-01-03,10,13.6,160
7347,2026-01-03,12,14.0,160
7348,2026-01-03,9,2.0,160
7349,2026-01-03,21,2.0,160
7350,2026-01-03,25,14.8,160
7351,2026-01-03,23,2.0,160
7352,2026-01-03,28,13.2,160
7353,2026-01-03,15,2.0,160
7354,2026-01-03,14,12.0,160
7355,2026-01-03,18,2.0,160
7356,2026-01-03,1,2.0,160
7357,2026-01-03,19,2.0,160
7358,2026-01-03,5,2.0,160
7359,2026-01-03,27,11.6,160
7360,2026-01-03,28,13.2,160
7361,2026-01-03,13,15.6,160
7362,2026-01-03,2,2.0,160
7363,2026-01-03,7,2.0,160
7364,2026-01-03,1,2.0,160
7365,2026-01-03,27,11.6,160
7366,2026-01-03,24,14.0,160
7367,2026-01-03,4,2.0,160
7368,2026-01-03,13,15.6,160
7369,2026-01-03,15,2.0,160
7370,2026-01-03,26,15.2,160
7371,2026-01-03,6,2.0,160
7372,2026-01-03,21,2.0,160
7373,2026-01-03,9,2.0,160
7374,2026-01-03,17,2.0,160
7375,2026-01-03,3,2.0,160
7376,2026-01-03,25,14.8,160
7377,2026-01-03,7,2.0,160
7378,2026-01-03,11,13.6,160
7379,2026-01-03,2,2.0,160
7380,2026-01-03,5,2.0,160
7381,2026-01-03,8,2.0,160
7382,2026-01-03,18,2.0,160
7383,2026-01-03,19,2.0,160
7384,2026-01-03,16,2.0,160
7385,2026-01-03,20,2.0,160
7386,2026-01-03,14,12.0,160
7387,2026-01-03,22,2.0,160
7388,2026-01-03,12,14.0,160
7389,2026-01-03,11,13.6,160
7390,2026-01-03,10,13.6,160
7391,2026-01-03,23,2.0,160
7392,2026-01-04,21,0.0,161
7393,2026-01-04,17,0.0,161
7394,2026-01-04,20,0.0,161
7395,2026-01-04,11,0.0,161
7396,2026-01-04,13,0.0,161
7397,2026-01-04,10,0.0,161
7398,2026-01-04,6,0.0,161
7399,2026-01-04,2,0.0,161
7400,2026-01-04,28,0.0,161
7401,2026-01-04,5,0.0,161
7402,2026-01-04,6,0.0,161
7403,2026-01-04,15,0.0,161
7404,2026-01-04,23,0.0,161
7405,2026-01-04,3,0.0,161
7406,2026-01-04,18,0.0,161
7407,2026-01-04,14,0.0,161
7408,2026-01-04,1,0.0,161
7409,2026-01-04,2,0.0,161
7410,2026-01-04,9,0.0,161
7411,2026-01-04,24,0.0,161
7412,2026-01-04,22,0.0,161
7413,2026-01-04,25,0.0,161
7414,2026-01-04,3,0.0,161
7415,2026-01-04,26,0.0,161
7416,2026-01-04,19,0.0,161
7417,2026-01-04,8,0.0,161
7418,2026-01-04,4,0.0,161
7419,2026-01-04,27,0.0,161
7420,2026-01-04,8,0.0,161
7421,2026-01-04,15,0.0,161
7422,2026-01-04,21,0.0,161
7423,2026-01-04,23,0.0,161
7424,2026-01-04,7,0.0,161
7425,2026-01-04,7,0.0,161
7426,2026-01-04,12,0.0,161
7427,2026-01-04,19,0.0,161
7428,2026-01-04,16,0.0,161
7429,2026-01-04,27,0.0,161
7430,2026-01-04,25,0.0,161
7431,2026-01-04,24,0.0,161
7432,2026-01-04,11,0.0,161
7433,2026-01-04,20,0.0,161
7434,2026-01-04,1,0.0,161
7435,2026-01-04,26,0.0,161
7436,2026-01-04,18,0.0,161
7437,2026-01-04,22,0.0,161
7438,2026-01-04,28,0.0,161
7439,2026-01-04,16,0.0,161
7440,2026-01-04,4,0.0,161
7441,2026-01-04,13,0.0,161
7442,2026-01-04,9,0.0,161
7443,2026-01-04,12,0.0,161
7444,2026-01-04,14,0.0,161
7445,2026-01-04,5,0.0,161
7446,2026-01-04,17,0.0,161
7447,2026-01-04,10,0.0,161
7448,2026-01-05,22,0.0,162
7449,2026-01-05,14,0.0,162
7450,2026-01-05,26,0.0,162
7451,2026-01-05,24,0.0,162
7452,2026-01-05,27,0.0,162
7453,2026-01-05,28,0.0,162
7454,2026-01-05,25,0.0,162
7455,2026-01-05,2,0.0,162
7456,2026-01-05,23,0.0,162
7457,2026-01-05,19,0.0,162
7458,2026-01-05,15,0.0,162
7459,2026-01-05,16,0.0,162
7460,2026-01-05,8,0.0,162
7461,2026-01-05,20,0.0,162
7462,2026-01-05,6,0.0,162
7463,2026-01-05,4,0.0,162
7464,2026-01-05,5,0.0,162
7465,2026-01-05,9,0.0,162
7466,2026-01-05,11,0.0,162
7467,2026-01-05,12,0.0,162
7468,2026-01-05,7,0.0,162
7469,2026-01-05,13,0.0,162
7470,2026-01-05,10,0.0,162
7471,2026-01-05,21,0.0,162
7472,2026-01-05,27,0.0,162
7473,2026-01-05,17,0.0,162
7474,2026-01-05,3,0.0,162
7475,2026-01-05,18,0.0,162
7476,2026-01-05,1,0.0,162
7477,2026-01-05,28,0.0,162
7478,2026-01-05,21,0.0,162
7479,2026-01-05,18,0.0,162
7480,2026-01-05,25,0.0,162
7481,2026-01-05,20,0.0,162
7482,2026-01-05,16,0.0,162
7483,2026-01-05,22,0.0,162
7484,2026-01-05,23,0.0,162
7485,2026-01-05,24,0.0,162
7486,2026-01-05,26,0.0,162
7487,2026-01-05,19,0.0,162
7488,2026-01-05,15,0.0,162
7489,2026-01-05,17,0.0,162
7490,2026-01-05,10,0.0,162
7491,2026-01-05,12,0.0,162
7492,2026-01-05,13,0.0,162
7493,2026-01-05,14,0.0,162
7494,2026-01-05,1,0.0,162
7495,2026-01-05,2,0.0,162
7496,2026-01-05,3,0.0,162
7497,2026-01-05,4,0.0,162
7498,2026-01-05,5,0.0,162
7499,2026-01-05,7,0.0,162
7500,2026-01-05,8,0.0,162
7501,2026-01-05,9,0.0,162
7502,2026-01-05,11,0.0,162
7503,2026-01-05,6,0.0,162
7504,2026-01-06,14,0.0,163
7505,2026-01-06,11,0.0,163
7506,2026-01-06,10,0.0,163
7507,2026-01-06,9,0.0,163
7508,2026-01-06,8,0.0,163
7509,2026-01-06,5,0.0,163
7510,2026-01-06,12,0.0,163
7511,2026-01-06,6,0.0,163
7512,2026-01-06,1,0.0,163
7513,2026-01-06,4,0.0,163
7514,2026-01-06,3,0.0,163
7515,2026-01-06,2,0.0,163
7516,2026-01-06,15,0.0,163
7517,2026-01-06,21,0.0,163
7518,2026-01-06,23,0.0,163
7519,2026-01-06,16,0.0,163
7520,2026-01-06,27,0.0,163
7521,2026-01-06,28,0.0,163
7522,2026-01-06,25,0.0,163
7523,2026-01-06,24,0.0,163
7524,2026-01-06,28,0.0,163
7525,2026-01-06,19,0.0,163
7526,2026-01-06,26,0.0,163
7527,2026-01-06,23,0.0,163
7528,2026-01-06,25,0.0,163
7529,2026-01-06,13,0.0,163
7530,2026-01-06,24,0.0,163
7531,2026-01-06,7,0.0,163
7532,2026-01-06,20,0.0,163
7533,2026-01-06,18,0.0,163
7534,2026-01-06,8,0.0,163
7535,2026-01-06,7,0.0,163
7536,2026-01-06,5,0.0,163
7537,2026-01-06,22,0.0,163
7538,2026-01-06,4,0.0,163
7539,2026-01-06,9,0.0,163
7540,2026-01-06,6,0.0,163
7541,2026-01-06,26,0.0,163
7542,2026-01-06,3,0.0,163
7543,2026-01-06,2,0.0,163
7544,2026-01-06,1,0.0,163
7545,2026-01-06,10,0.0,163
7546,2026-01-06,27,0.0,163
7547,2026-01-06,12,0.0,163
7548,2026-01-06,22,0.0,163
7549,2026-01-06,17,0.0,163
7550,2026-01-06,21,0.0,163
7551,2026-01-06,18,0.0,163
7552,2026-01-06,19,0.0,163
7553,2026-01-06,15,0.0,163
7554,2026-01-06,20,0.0,163
7555,2026-01-06,16,0.0,163
7556,2026-01-06,11,0.0,163
7557,2026-01-06,14,0.0,163
7558,2026-01-06,13,0.0,163
7559,2026-01-06,17,0.0,163
7560,2026-01-07,5,0.0,164
7561,2026-01-07,26,0.0,164
7562,2026-01-07,17,0.0,164
7563,2026-01-07,21,0.0,164
7564,2026-01-07,7,0.0,164
7565,2026-01-07,18,0.0,164
7566,2026-01-07,27,0.0,164
7567,2026-01-07,15,0.0,164
7568,2026-01-07,22,0.0,164
7569,2026-01-07,14,0.0,164
7570,2026-01-07,2,0.0,164
7571,2026-01-07,24,0.0,164
7572,2026-01-07,28,0.0,164
7573,2026-01-07,10,0.0,164
7574,2026-01-07,9,0.0,164
7575,2026-01-07,20,0.0,164
7576,2026-01-07,3,0.0,164
7577,2026-01-07,28,0.0,164
7578,2026-01-07,25,0.0,164
7579,2026-01-07,1,0.0,164
7580,2026-01-07,26,0.0,164
7581,2026-01-07,8,0.0,164
7582,2026-01-07,27,0.0,164
7583,2026-01-07,12,0.0,164
7584,2026-01-07,4,0.0,164
7585,2026-01-07,13,0.0,164
7586,2026-01-07,23,0.0,164
7587,2026-01-07,6,0.0,164
7588,2026-01-07,12,0.0,164
7589,2026-01-07,11,0.0,164
7590,2026-01-07,1,0.0,164
7591,2026-01-07,21,0.0,164
7592,2026-01-07,20,0.0,164
7593,2026-01-07,7,0.0,164
7594,2026-01-07,18,0.0,164
7595,2026-01-07,3,0.0,164
7596,2026-01-07,16,0.0,164
7597,2026-01-07,15,0.0,164
7598,2026-01-07,9,0.0,164
7599,2026-01-07,16,0.0,164
7600,2026-01-07,24,0.0,164
7601,2026-01-07,4,0.0,164
7602,2026-01-07,25,0.0,164
7603,2026-01-07,10,0.0,164
7604,2026-01-07,11,0.0,164
7605,2026-01-07,23,0.0,164
7606,2026-01-07,14,0.0,164
7607,2026-01-07,8,0.0,164
7608,2026-01-07,6,0.0,164
7609,2026-01-07,19,0.0,164
7610,2026-01-07,5,0.0,164
7611,2026-01-07,17,0.0,164
7612,2026-01-07,2,0.0,164
7613,2026-01-07,22,0.0,164
7614,2026-01-07,19,0.0,164
7615,2026-01-07,13,0.0,164
7616,2026-01-08,11,0.0,165
7617,2026-01-08,3,0.0,165
7618,2026-01-08,23,0.0,165
7619,2026-01-08,1,0.0,165
7620,2026-01-08,5,0.0,165
7621,2026-01-08,4,0.0,165
7622,2026-01-08,9,0.0,165
7623,2026-01-08,2,0.0,165
7624,2026-01-08,6,0.0,165
7625,2026-01-08,7,0.0,165
7626,2026-01-08,8,0.0,165
7627,2026-01-08,28,0.0,165
7628,2026-01-08,10,0.0,165
7629,2026-01-08,17,0.0,165
7630,2026-01-08,13,0.0,165
7631,2026-01-08,17,0.0,165
7632,2026-01-08,26,0.0,165
7633,2026-01-08,16,0.0,165
7634,2026-01-08,20,0.0,165
7635,2026-01-08,19,0.0,165
7636,2026-01-08,24,0.0,165
7637,2026-01-08,21,0.0,165
7638,2026-01-08,18,0.0,165
7639,2026-01-08,15,0.0,165
7640,2026-01-08,14,0.0,165
7641,2026-01-08,27,0.0,165
7642,2026-01-08,12,0.0,165
7643,2026-01-08,21,0.0,165
7644,2026-01-08,25,0.0,165
7645,2026-01-08,18,0.0,165
7646,2026-01-08,8,0.0,165
7647,2026-01-08,4,0.0,165
7648,2026-01-08,5,0.0,165
7649,2026-01-08,10,0.0,165
7650,2026-01-08,2,0.0,165
7651,2026-01-08,7,0.0,165
7652,2026-01-08,14,0.0,165
7653,2026-01-08,20,0.0,165
7654,2026-01-08,11,0.0,165
7655,2026-01-08,12,0.0,165
7656,2026-01-08,9,0.0,165
7657,2026-01-08,3,0.0,165
7658,2026-01-08,6,0.0,165
7659,2026-01-08,13,0.0,165
7660,2026-01-08,22,0.0,165
7661,2026-01-08,25,0.0,165
7662,2026-01-08,15,0.0,165
7663,2026-01-08,1,0.0,165
7664,2026-01-08,24,0.0,165
7665,2026-01-08,28,0.0,165
7666,2026-01-08,27,0.0,165
7667,2026-01-08,26,0.0,165
7668,2026-01-08,16,0.0,165
7669,2026-01-08,23,0.0,165
7670,2026-01-08,22,0.0,165
7671,2026-01-08,19,0.0,165
7672,2026-01-09,2,0.0,166
7673,2026-01-09,18,0.0,166
7674,2026-01-09,10,0.0,166
7675,2026-01-09,17,0.0,166
7676,2026-01-09,25,0.0,166
7677,2026-01-09,7,0.0,166
7678,2026-01-09,21,0.0,166
7679,2026-01-09,14,0.0,166
7680,2026-01-09,4,0.0,166
7681,2026-01-09,26,0.0,166
7682,2026-01-09,23,0.0,166
7683,2026-01-09,24,0.0,166
7684,2026-01-09,5,0.0,166
7685,2026-01-09,15,0.0,166
7686,2026-01-09,16,0.0,166
7687,2026-01-09,24,0.0,166
7688,2026-01-09,11,0.0,166
7689,2026-01-09,27,0.0,166
7690,2026-01-09,6,0.0,166
7691,2026-01-09,22,0.0,166
7692,2026-01-09,8,0.0,166
7693,2026-01-09,9,0.0,166
7694,2026-01-09,3,0.0,166
7695,2026-01-09,20,0.0,166
7696,2026-01-09,12,0.0,166
7697,2026-01-09,19,0.0,166
7698,2026-01-09,28,0.0,166
7699,2026-01-09,13,0.0,166
7700,2026-01-09,3,0.0,166
7701,2026-01-09,21,0.0,166
7702,2026-01-09,14,0.0,166
7703,2026-01-09,23,0.0,166
7704,2026-01-09,13,0.0,166
7705,2026-01-09,12,0.0,166
7706,2026-01-09,27,0.0,166
7707,2026-01-09,6,0.0,166
7708,2026-01-09,1,0.0,166
7709,2026-01-09,25,0.0,166
7710,2026-01-09,11,0.0,166
7711,2026-01-09,9,0.0,166
7712,2026-01-09,20,0.0,166
7713,2026-01-09,15,0.0,166
7714,2026-01-09,7,0.0,166
7715,2026-01-09,17,0.0,166
7716,2026-01-09,19,0.0,166
7717,2026-01-09,5,0.0,166
7718,2026-01-09,18,0.0,166
7719,2026-01-09,1,0.0,166
7720,2026-01-09,28,0.0,166
7721,2026-01-09,16,0.0,166
7722,2026-01-09,10,0.0,166
7723,2026-01-09,22,0.0,166
7724,2026-01-09,8,0.0,166
7725,2026-01-09,2,0.0,166
7726,2026-01-09,4,0.0,166
7727,2026-01-09,26,0.0,166
7728,2026-01-10,7,0.0,167
7729,2026-01-10,21,0.0,167
7730,2026-01-10,2,0.0,167
7731,2026-01-10,25,0.0,167
7732,2026-01-10,22,0.0,167
7733,2026-01-10,1,0.0,167
7734,2026-01-10,23,0.0,167
7735,2026-01-10,25,0.0,167
7736,2026-01-10,28,0.0,167
7737,2026-01-10,16,0.0,167
7738,2026-01-10,4,0.0,167
7739,2026-01-10,18,0.0,167
7740,2026-01-10,15,0.0,167
7741,2026-01-10,26,0.0,167
7742,2026-01-10,24,0.0,167
7743,2026-01-10,9,0.0,167
7744,2026-01-10,27,0.0,167
7745,2026-01-10,19,0.0,167
7746,2026-01-10,8,0.0,167
7747,2026-01-10,17,0.0,167
7748,2026-01-10,6,0.0,167
7749,2026-01-10,28,0.0,167
7750,2026-01-10,3,0.0,167
7751,2026-01-10,5,0.0,167
7752,2026-01-10,13,0.0,167
7753,2026-01-10,27,0.0,167
7754,2026-01-10,12,0.0,167
7755,2026-01-10,20,0.0,167
7756,2026-01-10,14,0.0,167
7757,2026-01-10,5,0.0,167
7758,2026-01-10,21,0.0,167
7759,2026-01-10,6,0.0,167
7760,2026-01-10,23,0.0,167
7761,2026-01-10,17,0.0,167
7762,2026-01-10,10,0.0,167
7763,2026-01-10,11,0.0,167
7764,2026-01-10,12,0.0,167
7765,2026-01-10,4,0.0,167
7766,2026-01-10,24,0.0,167
7767,2026-01-10,3,0.0,167
7768,2026-01-10,19,0.0,167
7769,2026-01-10,16,0.0,167
7770,2026-01-10,11,0.0,167
7771,2026-01-10,15,0.0,167
7772,2026-01-10,14,0.0,167
7773,2026-01-10,10,0.0,167
7774,2026-01-10,9,0.0,167
7775,2026-01-10,8,0.0,167
7776,2026-01-10,22,0.0,167
7777,2026-01-10,7,0.0,167
7778,2026-01-10,20,0.0,167
7779,2026-01-10,13,0.0,167
7780,2026-01-10,18,0.0,167
7781,2026-01-10,2,0.0,167
7782,2026-01-10,1,0.0,167
7783,2026-01-10,26,0.0,167
7784,2026-01-11,5,0.0,168
7785,2026-01-11,12,0.0,168
7786,2026-01-11,1,0.0,168
7787,2026-01-11,2,0.0,168
7788,2026-01-11,11,0.0,168
7789,2026-01-11,15,0.0,168
7790,2026-01-11,11,0.0,168
7791,2026-01-11,6,0.0,168
7792,2026-01-11,9,0.0,168
7793,2026-01-11,10,0.0,168
7794,2026-01-11,13,0.0,168
7795,2026-01-11,26,0.0,168
7796,2026-01-11,8,0.0,168
7797,2026-01-11,4,0.0,168
7798,2026-01-11,21,0.0,168
7799,2026-01-11,16,0.0,168
7800,2026-01-11,17,0.0,168
7801,2026-01-11,18,0.0,168
7802,2026-01-11,19,0.0,168
7803,2026-01-11,13,0.0,168
7804,2026-01-11,26,0.0,168
7805,2026-01-11,24,0.0,168
7806,2026-01-11,25,0.0,168
7807,2026-01-11,27,0.0,168
7808,2026-01-11,7,0.0,168
7809,2026-01-11,14,0.0,168
7810,2026-01-11,28,0.0,168
7811,2026-01-11,22,0.0,168
7812,2026-01-11,22,0.0,168
7813,2026-01-11,27,0.0,168
7814,2026-01-11,1,0.0,168
7815,2026-01-11,24,0.0,168
7816,2026-01-11,23,0.0,168
7817,2026-01-11,25,0.0,168
7818,2026-01-11,14,0.0,168
7819,2026-01-11,3,0.0,168
7820,2026-01-11,17,0.0,168
7821,2026-01-11,20,0.0,168
7822,2026-01-11,19,0.0,168
7823,2026-01-11,18,0.0,168
7824,2026-01-11,15,0.0,168
7825,2026-01-11,20,0.0,168
7826,2026-01-11,21,0.0,168
7827,2026-01-11,12,0.0,168
7828,2026-01-11,10,0.0,168
7829,2026-01-11,9,0.0,168
7830,2026-01-11,8,0.0,168
7831,2026-01-11,7,0.0,168
7832,2026-01-11,6,0.0,168
7833,2026-01-11,5,0.0,168
7834,2026-01-11,4,0.0,168
7835,2026-01-11,3,0.0,168
7836,2026-01-11,2,0.0,168
7837,2026-01-11,23,0.0,168
7838,2026-01-11,16,0.0,168
7839,2026-01-11,28,0.0,168
